Player,Nation,Pos,Squad,Age,Born,MP,Min,Mn/MP,Min%,90s,Starts,Mn/Start,Compl,Subs,Mn/Sub,unSub,PPM,onG,onGA,+/-,+/-90,On-Off,onxG,onxGA,xG+/-,xG+/-90,On-Off,Matches
Nabil Aberdin,fr FRA,DF,Getafe,20,2002,2,180,90,5.3,2.0,2,90,2,0,,3,0.00,1,3,-2,-1.00,-0.72,1.2,2.5,-1.3,-0.67,-0.48,Matches
Abner,br BRA,DF,Betis,23,2000,23,"1,400",61,40.9,15.6,15,82,12,8,22,10,1.61,20,20,0,0.00,-0.13,17.2,27.2,-9.9,-0.64,-0.80,Matches
Abdel Abqar,ma MAR,DF,Alavés,24,1999,27,"2,312",86,67.6,25.7,27,86,23,0,,4,1.07,21,30,-9,-0.35,-0.27,27.0,30.7,-3.8,-0.15,-0.58,Matches
Vicent Abril Sanz,es ESP,GK,Valencia,18,2005,0,,,,,0,,0,0,,5,,,,,,,,,,,,Matches
Marcos Acuña,ar ARG,DF,Sevilla,31,1991,21,"1,292",62,37.8,14.4,18,69,5,3,19,2,1.14,20,21,-1,-0.07,+0.14,17.1,21.9,-4.8,-0.34,-0.07,Matches
Julen Agirrezabala,es ESP,GK,Athletic Club,22,2000,4,238,60,7.0,2.6,2,90,2,2,29,34,1.50,3,4,-1,-0.38,-1.09,2.6,2.8,-0.2,-0.08,-0.41,Matches
Lucien Agoume,fr FRA,MF,Sevilla,21,2002,12,777,65,22.7,8.6,9,79,5,3,22,1,1.42,11,12,-1,-0.12,+0.05,11.5,14.6,-3.1,-0.36,-0.09,Matches
Joseph Aidoo,gh GHA,DF,Celta Vigo,27,1995,6,407,68,11.9,4.5,4,90,4,2,24,3,0.83,3,6,-3,-0.66,-0.42,5.3,7.0,-1.7,-0.38,-0.31,Matches
Ilias Akhomach,ma MAR,"MF,FW",Villarreal,19,2004,31,"1,511",49,44.2,16.8,17,70,2,14,23,6,1.45,26,33,-7,-0.42,-0.75,25.5,29.0,-3.4,-0.20,-0.22,Matches
Sergio Akieme,es ESP,DF,Almería,25,1997,19,"1,675",88,49.0,18.6,19,88,18,0,,1,0.32,17,36,-19,-1.02,-0.35,24.7,33.0,-8.3,-0.45,-0.22,Matches
Paul Akouokou,ci CIV,MF,Betis,25,1997,2,27,14,0.8,0.3,0,,0,2,14,1,1.50,1,1,0,0.00,-0.08,0.5,0.7,-0.2,-0.54,-0.38,Matches
David Alaba,at AUT,DF,Real Madrid,31,1992,14,"1,154",82,33.7,12.8,14,82,12,0,,1,2.36,23,10,+13,+1.01,-0.89,21.0,12.9,+8.1,+0.63,-0.38,Matches
Raúl Albiol,es ESP,DF,Villarreal,37,1985,26,"2,031",78,59.4,22.6,24,82,18,2,35,4,1.15,34,36,-2,-0.09,-0.22,30.8,37.5,-6.7,-0.30,-0.52,Matches
Rubén Alcaraz,es ESP,MF,Cádiz,32,1991,36,"3,134",87,91.6,34.8,36,87,29,0,,0,0.89,26,48,-22,-0.63,+1.57,34.0,46.4,-12.4,-0.36,+0.88,Matches
Omar Alderete,py PAR,DF,Getafe,26,1996,31,"2,195",71,64.2,24.4,24,84,20,7,27,3,1.06,26,34,-8,-0.33,-0.03,30.4,34.4,-4.0,-0.16,+0.14,Matches
Iván Alejo,es ESP,MF,Cádiz,28,1995,30,"1,692",56,49.5,18.8,21,71,3,9,22,5,1.00,14,26,-12,-0.64,+0.25,17.3,25.7,-8.3,-0.44,-0.03,Matches
Carles Aleñá,es ESP,MF,Getafe,25,1998,29,"1,020",35,29.8,11.3,10,58,0,19,23,5,1.10,12,22,-10,-0.88,-0.81,15.3,18.4,-3.1,-0.27,-0.08,Matches
Mohamed Ali Cho,fr FRA,"FW,MF",Real Sociedad,19,2004,11,249,23,7.3,2.8,1,90,1,10,16,6,1.73,5,7,-2,-0.72,-1.12,5.2,4.0,+1.2,+0.43,+0.36,Matches
Tadeo Allende,ar ARG,"MF,FW",Celta Vigo,24,1999,10,336,34,9.8,3.7,2,66,0,8,26,5,0.80,7,8,-1,-0.27,+0.02,5.2,5.4,-0.2,-0.06,+0.05,Matches
Domingos André Ribeiro Almeida,pt POR,"FW,MF",Valencia,23,2000,18,965,54,28.2,10.7,12,67,2,6,26,3,1.00,15,11,+4,+0.37,+0.70,13.9,12.5,+1.4,+0.13,+0.35,Matches
Iker Almena,es ESP,FW,Girona,19,2004,0,,,,,0,,0,0,,5,,,,,,,,,,,,Matches
Nando Almodóvar,es ESP,GK,Cádiz,19,2003,0,,,,,0,,0,0,,1,,,,,,,,,,,,Matches
Marcos Alonso,es ESP,DF,Barcelona,32,1990,5,252,50,7.4,2.8,3,75,2,2,14,16,3.00,7,4,+3,+1.07,+0.16,5.2,3.5,+1.7,+0.59,-0.38,Matches
Adrià Altimira,es ESP,"DF,MF",Villarreal,22,2001,11,775,70,22.7,8.6,10,74,4,1,37,7,1.00,11,22,-11,-1.28,-1.65,12.8,18.7,-5.9,-0.68,-0.77,Matches
Sergi Altimira,es ESP,MF,Betis,21,2001,14,568,41,16.6,6.3,6,72,2,8,17,21,1.43,6,11,-5,-0.79,-1.04,8.5,10.2,-1.7,-0.27,-0.12,Matches
,,,,,,,,,,,,,,,,,,,,,,,,,,,,
Gastón Álvarez,uy URU,DF,Getafe,23,2000,34,"2,537",75,74.2,28.2,29,85,24,5,12,2,1.15,24,40,-16,-0.57,-0.98,30.3,40.3,-10.0,-0.35,-0.54,Matches
Hugo Álvarez,es ESP,"MF,DF",Celta Vigo,20,2003,12,762,64,22.3,8.5,8,85,4,4,21,3,1.83,12,10,+2,+0.24,+0.68,14.4,10.4,+4.0,+0.47,+0.74,Matches
Iker Álvarez,ad AND,GK,Villarreal,22,2001,0,,,,,0,,0,0,,7,,,,,,,,,,,,Matches
Yeray Álvarez,es ESP,DF,Athletic Club,28,1995,19,"1,152",61,33.7,12.8,14,72,8,5,30,3,1.84,19,12,+7,+0.55,-0.13,13.8,12.5,+1.2,+0.10,-0.31,Matches
Selim Amallah,ma MAR,"FW,MF",Valencia,26,1996,20,604,30,17.7,6.7,7,62,1,13,13,7,1.45,4,6,-2,-0.30,-0.20,4.3,7.1,-2.8,-0.41,-0.35,Matches
Amath,sn SEN,"FW,MF",Mallorca,27,1996,15,394,26,11.5,4.4,3,63,0,12,17,7,0.87,3,4,-1,-0.23,+0.07,7.1,6.2,+0.9,+0.21,+0.31,Matches
Miguel Ángel Rubio,es ESP,DF,Granada,25,1998,19,"1,560",82,45.6,17.3,17,88,15,2,29,11,0.89,21,35,-14,-0.81,+0.50,20.8,31.6,-10.9,-0.63,-0.11,Matches
Fabrizio Angileri,ar ARG,"DF,MF",Getafe,29,1994,11,164,15,4.8,1.8,2,55,0,9,6,22,1.42,4,6,-2,-1.10,-0.82,5.3,3.4,+1.9,+1.02,+1.30,Matches
José Antonio,es ESP,FW,Cádiz,19,2004,0,,,,,0,,0,0,,2,,,,,,,,,,,,Matches
Arvin Appiah,eng ENG,"FW,MF",Almería,22,2001,0,,,,,0,,0,0,,1,,,,,,,,,,,,Matches
Mauro Arambarri,uy URU,MF,Getafe,27,1995,7,339,48,9.9,3.8,3,70,1,4,32,0,1.00,4,6,-2,-0.53,-0.24,3.2,4.6,-1.4,-0.38,-0.19,Matches
Jon Aramburu,ve VEN,DF,Real Sociedad,21,2002,11,543,49,15.9,6.0,5,73,2,6,30,7,1.27,4,8,-4,-0.66,-1.16,5.6,5.5,+0.1,+0.02,-0.09,Matches
Julian Araujo,mx MEX,DF,Las Palmas,21,2001,25,"1,462",58,42.7,16.2,15,81,9,10,25,1,1.08,11,18,-7,-0.43,-0.11,13.5,23.2,-9.8,-0.60,+0.03,Matches
Ronald Araújo,uy URU,DF,Barcelona,24,1999,25,"1,997",80,58.4,22.2,21,88,20,4,38,7,2.00,50,31,+19,+0.86,-0.16,47.9,26.7,+21.3,+0.96,+0.03,Matches
Fran Árbol,es ESP,GK,Granada,17,2006,0,,,,,0,,0,0,,2,,,,,,,,,,,,Matches
Matías Árbol,es ESP,GK,Sevilla,20,2002,0,,,,,0,,0,0,,14,,,,,,,,,,,,Matches
Adu Ares,es ESP,FW,Athletic Club,21,2001,12,265,22,7.7,2.9,2,61,0,10,14,24,1.17,3,3,0,0.00,-0.68,1.9,3.2,-1.3,-0.44,-0.80,Matches
Jesús Areso,es ESP,DF,Osasuna,24,1999,37,"2,660",72,77.8,29.6,29,87,21,8,17,1,1.22,35,44,-9,-0.30,-0.07,31.3,38.7,-7.4,-0.25,-0.02,Matches
Matias Arezo,uy URU,FW,Granada,20,2002,14,369,26,10.8,4.1,3,65,1,11,16,6,0.86,3,8,-5,-1.22,-0.16,5.6,7.7,-2.2,-0.53,+0.04,Matches
Iñigo Arguibide,es ESP,DF,Osasuna,18,2005,1,17,17,0.5,0.2,0,,0,1,17,3,1.00,0,0,0,0.00,+0.29,0.2,0.0,+0.2,+0.93,+1.18,Matches
José Arnaiz,es ESP,"FW,MF",Osasuna,28,1995,26,929,36,27.2,10.3,9,65,0,17,20,8,1.04,11,16,-5,-0.48,-0.27,10.6,15.1,-4.5,-0.44,-0.26,Matches
Sergio Arribas,es ESP,"MF,FW",Almería,21,2001,34,"2,047",60,59.9,22.7,22,76,4,12,31,4,0.50,28,41,-13,-0.57,+0.67,29.8,35.9,-6.1,-0.27,+0.18,Matches
Kepa Arrizabalaga,es ESP,GK,Real Madrid,28,1994,14,"1,198",86,35.0,13.3,13,90,13,1,28,21,2.36,23,9,+14,+1.05,-0.85,22.6,12.9,+9.7,+0.73,-0.24,Matches
Ricard Artero,es ESP,MF,Girona,20,2003,0,,,,,0,,0,0,,5,,,,,,,,,,,,Matches
Iago Aspas,es ESP,FW,Celta Vigo,35,1987,35,"2,707",77,79.2,30.1,31,83,18,4,31,1,1.00,39,44,-5,-0.17,+0.59,43.3,41.6,+1.7,+0.06,+0.75,Matches
,,,,,,,,,,,,,,,,,,,,,,,,,,,,
Ander Astralaga,es ESP,GK,Barcelona,19,2004,0,,,,,0,,0,0,,23,,,,,,,,,,,,Matches
Ezequiel Ávila,ar ARG,"FW,MF",Osasuna,29,1994,17,864,51,25.3,9.6,10,71,1,7,22,0,0.94,11,12,-1,-0.10,+0.25,11.2,10.8,+0.4,+0.04,+0.38,Matches
Ezequiel Ávila,ar ARG,FW,Betis,29,1994,6,298,50,8.7,3.3,4,66,0,2,17,0,1.17,6,7,-1,-0.30,-0.42,3.4,5.2,-1.8,-0.54,-0.41,Matches
Gaizka Ayesa,es ESP,GK,Real Sociedad,22,2001,0,,,,,0,,0,0,,8,,,,,,,,,,,,Matches
César Azpilicueta,es ESP,DF,Atlético Madrid,33,1989,25,"1,423",57,41.6,15.8,14,81,6,11,26,4,2.12,24,16,+8,+0.51,-0.35,24.3,15.1,+9.2,+0.58,-0.04,Matches
Iddrisu Baba,gh GHA,MF,Almería,27,1996,25,"1,430",57,41.8,15.9,14,83,8,11,25,7,0.56,17,38,-21,-1.32,-0.82,18.0,29.5,-11.5,-0.72,-0.66,Matches
Srđan Babić,rs SRB,DF,Almería,27,1996,1,90,90,2.6,1.0,1,90,1,0,,0,0.00,0,2,-2,-2.00,-1.19,1.4,2.1,-0.7,-0.68,-0.35,Matches
Loïc Bade,fr FRA,DF,Sevilla,23,2000,28,"2,277",81,66.6,25.3,27,84,19,1,14,2,1.29,32,29,+3,+0.12,+0.83,30.6,36.0,-5.4,-0.21,+0.23,Matches
Alex Baena,es ESP,"MF,FW",Villarreal,22,2001,34,"2,579",76,75.4,28.7,33,77,12,1,26,0,1.50,50,45,+5,+0.17,+0.71,45.0,42.9,+2.2,+0.08,+0.65,Matches
Eric Bailly,ci CIV,DF,Villarreal,29,1994,10,839,84,24.5,9.3,9,85,8,1,74,3,2.00,24,18,+6,+0.64,+0.85,15.7,12.4,+3.3,+0.35,+0.57,Matches
Cédric Bakambu,cd COD,FW,Betis,32,1991,4,194,49,5.7,2.2,2,62,0,2,35,0,2.00,4,2,+2,+0.93,+0.90,3.7,3.6,+0.1,+0.05,+0.23,Matches
Alejandro Balde,es ESP,DF,Barcelona,19,2003,18,"1,378",77,40.3,15.3,15,87,12,3,26,2,2.11,29,17,+12,+0.78,-0.23,34.9,14.9,+20.0,+1.31,+0.61,Matches
Iván Balliu,al ALB,DF,Rayo Vallecano,31,1992,33,"2,873",87,84.0,31.9,32,89,28,1,27,4,1.12,27,39,-12,-0.38,+0.78,37.1,34.3,+2.9,+0.09,+0.94,Matches
Jonathan Bamba,ci CIV,"MF,FW",Celta Vigo,27,1996,27,"1,981",73,57.9,22.0,24,79,9,3,26,3,1.07,23,28,-5,-0.23,+0.15,29.5,29.0,+0.5,+0.02,+0.30,Matches
Léo Baptistão,br BRA,FW,Almería,30,1992,32,"1,837",57,53.7,20.4,22,75,8,10,19,1,0.59,22,39,-17,-0.83,+0.02,25.2,30.3,-5.1,-0.24,+0.21,Matches
Kike Barja,es ESP,"FW,MF",Osasuna,26,1997,16,303,19,8.9,3.4,3,42,0,13,14,5,0.94,8,8,0,0.00,+0.32,6.8,5.8,+1.0,+0.31,+0.61,Matches
Ander Barrenetxea,es ESP,"FW,MF",Real Sociedad,21,2001,29,"1,427",49,41.7,15.9,20,60,0,9,26,1,1.45,24,18,+6,+0.38,+0.11,18.9,16.2,+2.7,+0.17,+0.13,Matches
Pablo Barrios,es ESP,MF,Atlético Madrid,20,2003,24,"1,555",65,45.5,17.3,17,77,8,7,35,0,2.13,32,17,+15,+0.87,+0.29,29.0,12.7,+16.3,+0.95,+0.62,Matches
Marc Bartra,es ESP,DF,Betis,32,1991,3,225,75,6.6,2.5,3,75,2,0,,2,1.33,2,6,-4,-1.60,-1.80,3.8,2.7,+1.1,+0.46,+0.67,Matches
Álvaro Bastida,es ESP,MF,Cádiz,19,2004,0,,,,,0,,0,0,,2,,,,,,,,,,,,Matches
Augusto Batalla,ar ARG,GK,Granada,27,1996,17,"1,530",90,44.7,17.0,17,90,17,0,,3,0.76,16,28,-12,-0.71,+0.68,18.8,23.2,-4.4,-0.26,+0.57,Matches
Bebé,cv CPV,"MF,FW",Rayo Vallecano,33,1990,19,212,11,6.2,2.4,0,,0,19,11,15,1.16,4,2,+2,+0.85,+1.44,5.5,3.6,+1.9,+0.79,+0.91,Matches
Sheraldo Becker,sr SUR,"FW,MF",Real Sociedad,28,1995,15,771,51,22.5,8.6,8,74,0,7,26,1,1.47,14,5,+9,+1.05,+0.95,10.0,8.2,+1.8,+0.21,+0.15,Matches
Rayane Belaid,es ESP,DF,Atlético Madrid,18,2005,0,,,,,0,,0,0,,1,,,,,,,,,,,,Matches
Héctor Bellerín,es ESP,DF,Betis,28,1995,23,"1,711",74,50.0,19.0,20,81,15,3,32,5,1.61,22,18,+4,+0.21,+0.26,22.2,22.6,-0.4,-0.02,+0.29,Matches
,,,,,,,,,,,,,,,,,,,,,,,,,,,,
Jude Bellingham,eng ENG,MF,Real Madrid,20,2003,28,"2,315",83,67.7,25.7,27,85,17,1,25,4,2.46,57,16,+41,+1.59,-0.04,46.7,23.4,+23.3,+0.91,+0.09,Matches
Eghosa Bello,ng NGA,FW,Granada,19,2004,0,,,,,0,,0,0,,1,,,,,,,,,,,,Matches
Fran Beltrán,es ESP,MF,Celta Vigo,24,1999,33,"2,428",74,71.0,27.0,28,83,17,5,19,5,1.18,38,41,-3,-0.11,+0.61,37.0,38.6,-1.7,-0.06,+0.14,Matches
Carlos Benavídez,uy URU,MF,Alavés,25,1998,29,"1,136",39,33.2,12.6,10,79,5,19,18,4,1.34,19,13,+6,+0.48,+1.11,16.3,15.4,+0.9,+0.07,+0.05,Matches
Jorge Benito,es ESP,GK,Getafe,17,2006,0,,,,,0,,0,0,,15,,,,,,,,,,,,Matches
Yuri Berchiche,es ESP,DF,Athletic Club,33,1990,27,"1,930",71,56.4,21.4,22,81,16,5,28,0,1.85,33,16,+17,+0.79,+0.37,30.4,18.5,+11.9,+0.55,+0.58,Matches
Álex Berenguer,es ESP,FW,Athletic Club,28,1995,35,"1,592",45,46.5,17.7,15,79,8,20,20,1,1.74,19,19,0,0.00,-1.18,19.2,17.1,+2.1,+0.12,-0.34,Matches
Antonio Blanco,es ESP,MF,Alavés,23,2000,33,"2,426",74,70.9,27.0,29,82,16,4,11,2,1.30,22,30,-8,-0.30,-0.12,29.0,30.5,-1.6,-0.06,-0.34,Matches
Daley Blind,nl NED,DF,Girona,33,1990,34,"2,972",87,86.9,33.0,33,90,32,1,3,1,2.29,78,37,+41,+1.24,+1.64,63.3,45.7,+17.6,+0.53,+0.76,Matches
Adri Bosch,es ESP,DF,Granada,22,2001,1,26,26,0.8,0.3,0,,0,1,26,12,0.00,2,2,0,0.00,+1.09,0.7,1.6,-0.9,-3.16,-2.61,Matches
Yassine Bounou,ma MAR,GK,Sevilla,32,1991,1,90,90,2.6,1.0,1,90,1,0,,0,0.00,1,2,-1,-1.00,-0.86,0.7,1.1,-0.4,-0.40,-0.11,Matches
Lucas Boyé,ar ARG,FW,Granada,27,1996,31,"2,541",82,74.3,28.2,30,83,15,1,45,0,0.52,26,57,-31,-1.10,-0.07,30.2,45.9,-15.8,-0.56,+0.04,Matches
Darko Brašanac,rs SRB,MF,Osasuna,31,1992,2,48,24,1.4,0.5,0,,0,2,24,10,1.50,1,1,0,0.00,+0.29,0.9,1.4,-0.5,-0.87,-0.63,Matches
Brau,es ESP,DF,Granada,21,2001,1,31,31,0.9,0.3,0,,0,1,31,0,0.00,0,3,-3,-8.71,-7.70,0.2,2.4,-2.2,-6.42,-5.91,Matches
Claudio Bravo,cl CHI,GK,Betis,40,1983,7,630,90,18.4,7.0,7,90,7,0,,13,1.86,11,5,+6,+0.86,+0.95,9.9,6.5,+3.4,+0.48,+0.80,Matches
Ben Brereton,cl CHI,"FW,MF",Villarreal,24,1999,14,270,19,7.9,3.0,2,67,0,12,11,5,0.86,3,3,0,0.00,0.00,3.3,3.5,-0.1,-0.04,+0.05,Matches
Daniel Budesca,es ESP,DF,Villarreal,17,2006,0,,,,,0,,0,0,,1,,,,,,,,,,,,Matches
Ante Budimir,hr CRO,FW,Osasuna,32,1991,33,"2,435",74,71.2,27.1,29,81,10,4,19,1,1.30,34,40,-6,-0.22,+0.24,30.1,31.9,-1.8,-0.07,+0.62,Matches
Manu Bueno,es ESP,MF,Sevilla,19,2004,4,117,29,3.4,1.3,1,84,0,3,11,10,1.50,0,2,-2,-1.54,-1.43,1.1,1.9,-0.8,-0.61,-0.33,Matches
Santiago Bueno,uy URU,DF,Girona,24,1998,0,,,,,0,,0,0,,1,,,,,,,,,,,,Matches
Pablo Busto,es ESP,DF,Betis,17,2005,2,44,22,1.3,0.5,0,,0,2,22,5,1.50,1,0,+1,+2.05,+1.99,0.6,0.3,+0.3,+0.62,+0.80,Matches
José Callejón,es ESP,"MF,FW",Granada,36,1987,25,803,32,23.5,8.9,7,65,0,18,19,13,0.72,8,21,-13,-1.46,-0.49,10.6,20.8,-10.2,-1.14,-0.75,Matches
Eduardo Camavinga,fr FRA,"MF,DF",Real Madrid,20,2002,31,"1,817",59,53.1,20.2,21,75,5,10,25,0,2.45,47,14,+33,+1.63,+0.06,37.7,19.7,+18.0,+0.89,+0.03,Matches
Sergio Camello,es ESP,FW,Rayo Vallecano,22,2001,31,"1,661",54,48.6,18.5,20,70,1,11,24,6,0.94,12,27,-15,-0.81,-0.61,20.7,21.8,-1.1,-0.06,0.00,Matches
José Campaña,es ESP,MF,Las Palmas,30,1993,8,171,21,5.0,1.9,1,55,0,7,17,4,0.50,0,2,-2,-1.05,-0.72,1.2,3.6,-2.4,-1.27,-0.69,Matches
,,,,,,,,,,,,,,,,,,,,,,,,,,,,
Marco Camús,es ESP,MF,Valencia,21,2001,0,,,,,0,,0,0,,1,,,,,,,,,,,,Matches
João Cancelo,pt POR,DF,Barcelona,29,1994,32,"2,503",78,73.2,27.8,29,83,21,3,32,0,2.16,53,35,+18,+0.65,-1.02,54.5,31.5,+23.1,+0.83,-0.43,Matches
Lucas Cañizares,es ESP,GK,Real Madrid,21,2002,0,,,,,0,,0,0,,4,,,,,,,,,,,,Matches
Sergi Canós,es ESP,"MF,FW",Valencia,26,1997,27,"1,229",46,35.9,13.7,15,61,1,12,26,1,1.15,21,20,+1,+0.07,+0.32,20.8,18.7,+2.1,+0.16,+0.43,Matches
Miguel Capitas,es ESP,MF,Sevilla,22,2001,0,,,,,0,,0,0,,1,,,,,,,,,,,,Matches
Étienne Capoue,fr FRA,MF,Villarreal,35,1988,32,"1,455",45,42.5,16.2,15,80,9,17,15,5,1.31,29,34,-5,-0.31,-0.54,24.5,27.4,-2.9,-0.18,-0.17,Matches
Isaac Carcelen,es ESP,DF,Cádiz,30,1993,35,"2,611",75,76.3,29.0,29,87,25,6,16,3,0.86,20,38,-18,-0.62,+0.60,26.2,38.2,-12.0,-0.41,+0.06,Matches
Cárdenas,es ESP,GK,Rayo Vallecano,26,1997,1,90,90,2.6,1.0,1,90,1,0,,36,0.00,0,1,-1,-1.00,-0.51,1.1,0.9,+0.1,+0.11,+0.17,Matches
Marc Cardona,es ESP,FW,Las Palmas,28,1995,26,737,28,21.5,8.2,6,64,0,20,18,10,,11,7,+4,+0.49,+1.09,12.1,10.4,+1.7,+0.21,+1.06,Matches
Sergi Cardona,es ESP,DF,Las Palmas,24,1999,35,"2,814",80,82.3,31.3,30,87,25,5,40,0,1.09,30,38,-8,-0.26,+0.64,27.8,45.7,-17.9,-0.57,+0.27,Matches
Johnny Cardoso,us USA,MF,Betis,21,2001,17,"1,328",78,38.8,14.8,15,83,9,2,42,2,1.53,21,15,+6,+0.41,+0.54,16.1,18.3,-2.2,-0.15,+0.03,Matches
Juan Carlos,es ESP,GK,Girona,35,1988,0,,,0.0,0.0,0,,0,0,,30,0.00,2,3,-1,,,,,,,,Matches
Carmona,es ESP,"DF,MF",Getafe,21,2002,30,"1,313",44,38.4,14.6,15,68,5,15,20,1,1.03,18,26,-8,-0.55,-0.38,19.4,22.8,-3.4,-0.23,-0.03,Matches
Yannick Carrasco,be BEL,DF,Atlético Madrid,29,1993,3,221,74,6.5,2.5,3,74,1,0,,0,2.33,6,1,+5,+2.04,+1.42,5.1,2.0,+3.1,+1.26,+0.70,Matches
Álvaro Carreras,es ESP,"MF,FW",Granada,20,2003,13,475,37,13.9,5.3,5,67,0,8,18,2,0.46,10,11,-1,-0.19,+1.03,8.7,7.3,+1.4,+0.27,+0.97,Matches
Álvaro Carrillo,es ESP,DF,Real Madrid,21,2002,0,,,,,0,,0,0,,3,,,,,,,,,,,,Matches
Coke Carrillo,es ESP,GK,Celta Vigo,21,2002,0,,,,,0,,0,0,,13,,,,,,,,,,,,Matches
Dani Carvajal,es ESP,DF,Real Madrid,31,1992,28,"2,171",78,63.5,24.1,25,86,18,3,8,5,2.57,55,13,+42,+1.74,+0.37,44.7,21.7,+23.0,+0.95,+0.21,Matches
William Carvalho,pt POR,MF,Betis,31,1992,22,680,31,19.9,7.6,4,60,0,18,25,3,1.55,11,10,+1,+0.13,+0.07,8.0,12.0,-4.0,-0.53,-0.45,Matches
Marc Casado,es ESP,MF,Barcelona,19,2003,2,15,8,0.4,0.2,0,,0,2,8,19,3.00,0,0,0,0.00,-0.93,0.1,0.3,-0.2,-1.19,-2.14,Matches
Catena,es ESP,DF,Osasuna,28,1994,30,"2,534",84,74.1,28.2,28,88,24,2,42,6,1.17,34,45,-11,-0.39,-0.39,27.8,39.4,-11.6,-0.41,-0.64,Matches
Dani Ceballos,es ESP,"MF,FW",Real Madrid,26,1996,20,598,30,17.5,6.6,5,79,3,15,14,9,2.60,16,6,+10,+1.51,-0.12,11.4,7.1,+4.3,+0.65,-0.27,Matches
Álex Centelles,es ESP,DF,Almería,25,1997,14,980,70,28.7,10.9,11,83,8,3,23,22,0.64,12,24,-12,-1.10,-0.36,11.8,16.7,-4.9,-0.45,-0.16,Matches
Franco Cervi,ar ARG,"MF,DF",Celta Vigo,29,1994,17,546,32,16.0,6.1,5,72,1,12,15,12,1.35,8,13,-5,-0.82,-0.64,9.7,9.1,+0.6,+0.09,+0.23,Matches
Pep Chavarría,es ESP,"DF,MF",Rayo Vallecano,25,1998,22,"1,167",53,34.1,13.0,12,82,9,10,18,13,0.83,7,15,-8,-0.62,-0.18,12.1,8.2,+3.9,+0.30,+0.55,Matches
,,,,,,,,,,,,,,,,,,,,,,,,,,,,
Andreas Christensen,dk DEN,"DF,MF",Barcelona,27,1996,30,"1,979",66,57.9,22.0,27,68,6,3,49,6,2.17,37,26,+11,+0.50,-1.00,41.1,24.7,+16.4,+0.75,-0.47,Matches
Chumi,es ESP,DF,Almería,24,1999,31,"2,434",79,71.2,27.0,26,88,24,5,30,6,0.58,34,55,-21,-0.78,+0.23,36.5,44.5,-8.0,-0.30,+0.14,Matches
Víctor Chust,es ESP,DF,Cádiz,23,2000,22,"1,864",85,54.5,20.7,22,85,17,0,,6,0.95,11,23,-12,-0.58,+0.40,21.8,23.4,-1.7,-0.08,+0.77,Matches
Pathé Ciss,sn SEN,MF,Rayo Vallecano,29,1994,31,"1,664",54,48.7,18.5,16,79,7,15,27,3,1.16,12,30,-18,-0.97,-0.92,16.0,22.1,-6.1,-0.33,-0.53,Matches
Silvi Clúa,es ESP,MF,Girona,18,2005,1,1,1,0.0,0.0,0,,0,1,1,3,3.00,0,0,0,0.00,-1.03,0.2,0.0,+0.2,+22.23,+21.80,Matches
Saúl Coco,gq EQG,DF,Las Palmas,24,1999,30,"2,295",77,67.1,25.5,26,85,24,4,21,3,1.03,23,33,-10,-0.39,-0.07,23.3,37.4,-14.2,-0.56,+0.19,Matches
Santi Comesaña,es ESP,MF,Villarreal,26,1996,27,"1,653",61,48.3,18.4,20,76,9,7,20,6,1.59,33,25,+8,+0.44,+0.84,27.6,25.0,+2.6,+0.14,+0.43,Matches
Copete,es ESP,DF,Mallorca,23,1999,19,"1,333",70,39.0,14.8,17,77,8,2,14,16,1.05,10,20,-10,-0.68,-0.63,16.9,17.0,-0.1,-0.01,+0.09,Matches
Francis Coquelin,fr FRA,MF,Villarreal,32,1991,17,910,54,26.6,10.1,10,74,2,7,25,2,1.59,20,10,+10,+0.99,+1.35,14.2,13.4,+0.8,+0.08,+0.22,Matches
Theo Corbeanu,ca CAN,"MF,FW",Granada,21,2002,9,182,20,5.3,2.0,2,51,0,7,12,7,0.22,1,4,-3,-1.48,-0.43,1.2,3.4,-2.2,-1.00,-0.46,Matches
Jesús Corona,mx MEX,"MF,DF",Sevilla,30,1993,2,17,9,0.5,0.2,0,,0,2,9,1,0.00,1,0,+1,+5.29,+5.48,0.1,0.0,0.0,+0.12,+0.42,Matches
Ángel Correa,ar ARG,"FW,MF",Atlético Madrid,28,1995,32,"1,528",48,44.7,17.0,14,73,4,18,28,3,1.94,36,19,+17,+1.00,+0.53,29.9,14.0,+15.9,+0.93,+0.60,Matches
Thierry Correia,pt POR,DF,Valencia,24,1999,31,"2,154",69,63.0,23.9,25,80,12,6,26,1,1.32,27,30,-3,-0.13,+0.02,28.1,29.1,-1.0,-0.04,+0.20,Matches
Jaume Costa,es ESP,DF,Mallorca,35,1988,30,"1,682",56,49.2,18.7,19,77,8,11,19,6,1.13,19,26,-7,-0.37,-0.17,20.4,21.1,-0.7,-0.04,+0.05,Matches
Samu Costa,pt POR,MF,Mallorca,22,2000,34,"2,303",68,67.3,25.6,26,81,17,8,26,3,1.00,21,30,-9,-0.35,-0.19,23.3,31.2,-8.0,-0.31,-0.76,Matches
Thibaut Courtois,be BEL,GK,Real Madrid,31,1992,4,332,83,9.7,3.7,4,83,3,0,,1,2.50,12,0,+12,+3.25,+1.82,7.1,3.6,+3.5,+0.95,+0.08,Matches
Yan Couto,br BRA,"DF,FW",Girona,21,2002,34,"2,245",66,65.6,24.9,24,83,15,10,25,1,2.21,57,31,+26,+1.04,+0.05,47.3,31.0,+16.3,+0.65,+0.64,Matches
Crespo,pt POR,MF,Rayo Vallecano,26,1996,15,527,35,15.4,5.9,4,70,0,11,23,2,0.73,2,8,-6,-1.02,-0.62,6.0,7.7,-1.6,-0.28,-0.26,Matches
Cristian,es ESP,GK,Valencia,25,1998,1,57,57,1.7,0.6,0,,0,1,57,37,0.00,0,1,-1,-1.58,-1.47,0.5,0.7,-0.2,-0.30,-0.19,Matches
Juan Cruz Armada,es ESP,DF,Osasuna,31,1992,26,"1,667",64,48.7,18.5,18,86,14,8,15,9,1.27,23,28,-5,-0.27,+0.04,20.1,23.0,-2.9,-0.15,+0.18,Matches
Juan Cruz,es ESP,FW,Betis,23,2000,5,76,15,2.2,0.8,0,,0,5,15,14,1.60,0,1,-1,-1.18,-1.29,0.5,2.2,-1.7,-1.97,-1.84,Matches
Pau Cubarsí,es ESP,DF,Barcelona,16,2007,19,"1,558",82,45.6,17.3,18,84,13,1,45,7,2.32,36,21,+15,+0.87,-0.10,31.3,19.9,+11.4,+0.66,-0.53,Matches
Iván Cuéllar,es ESP,GK,Mallorca,39,1984,1,90,90,2.6,1.0,1,90,1,0,,30,3.00,2,1,+1,+1.00,+1.32,1.4,0.9,+0.5,+0.49,+0.57,Matches
Jorge Cuenca,es ESP,DF,Villarreal,23,1999,29,"1,963",68,57.4,21.8,21,84,16,8,26,6,1.41,31,42,-11,-0.50,-1.18,31.3,35.9,-4.7,-0.21,-0.31,Matches
Eric Curbelo,es ESP,"DF,MF",Las Palmas,29,1994,2,102,51,3.0,1.1,1,90,1,1,12,20,0.50,0,2,-2,-1.76,-1.44,0.8,1.9,-1.0,-0.92,-0.31,Matches
,,,,,,,,,,,,,,,,,,,,,,,,,,,,
Alberto Dadie,es ESP,MF,Real Sociedad,21,2002,1,28,28,0.8,0.3,0,,0,1,28,0,0.00,1,0,+1,+3.21,+2.92,0.9,0.1,+0.8,+2.73,+2.65,Matches
Sergi Darder,es ESP,MF,Mallorca,29,1993,36,"2,157",60,63.1,24.0,21,84,11,15,26,0,1.08,19,29,-10,-0.42,-0.35,26.6,28.8,-2.2,-0.09,-0.07,Matches
Lulo Dasilva,es ESP,MF,Sevilla,20,2002,0,,,,,0,,0,0,,4,,,,,,,,,,,,Matches
Rodrigo De Paul,ar ARG,MF,Atlético Madrid,29,1994,34,"2,075",61,60.7,23.1,25,71,5,9,32,0,1.97,41,26,+15,+0.65,-0.15,37.0,25.0,+12.0,+0.52,-0.21,Matches
Mouctar Diakhaby,gn GUI,"DF,MF",Valencia,26,1996,14,"1,073",77,31.4,11.9,12,84,9,2,31,2,1.14,11,15,-4,-0.34,-0.30,9.0,16.3,-7.3,-0.62,-0.73,Matches
Moussa Diakité,ml MLI,MF,Cádiz,19,2003,1,1,1,0.0,0.0,0,,0,1,1,1,1.00,0,0,0,0.00,+0.76,0.0,0.0,0.0,0.00,+0.43,Matches
Selu Diallo,es ESP,MF,Alavés,19,2003,0,,,,,0,,0,0,,9,,,,,,,,,,,,Matches
Assane Diao,es ESP,FW,Betis,17,2005,18,"1,048",58,30.6,11.6,13,68,2,5,33,11,1.50,14,9,+5,+0.43,+0.51,15.7,14.1,+1.6,+0.14,+0.44,Matches
Brahim Díaz,ma MAR,"FW,MF",Real Madrid,23,1999,31,"1,545",50,45.2,17.2,18,74,1,13,17,7,2.52,44,9,+35,+2.04,+0.79,32.2,13.8,+18.4,+1.07,+0.35,Matches
Víctor Díaz,es ESP,"DF,MF",Granada,35,1988,4,162,41,4.7,1.8,2,63,0,2,19,14,0.75,1,8,-7,-3.89,-2.95,0.6,3.5,-2.9,-1.61,-1.09,Matches
Famara Diedhiou,sn SEN,"FW,MF",Granada,30,1992,8,89,11,2.6,1.0,0,,0,8,11,8,0.50,2,3,-1,-1.01,+0.07,2.2,2.0,+0.2,+0.20,+0.79,Matches
Stole Dimitrievski,mk MKD,GK,Rayo Vallecano,29,1993,37,"3,330",90,97.4,37.0,37,90,37,0,,1,1.03,29,47,-18,-0.49,+0.51,41.3,43.7,-2.4,-0.06,-0.17,Matches
Djené,tg TOG,"DF,MF",Getafe,31,1991,33,"2,484",75,72.6,27.6,30,79,18,3,36,0,1.18,28,33,-5,-0.18,+0.49,31.2,36.7,-5.5,-0.20,+0.05,Matches
Marko Dmitrović,rs SRB,GK,Sevilla,31,1992,13,"1,170",90,34.2,13.0,13,90,13,0,,23,0.62,14,25,-11,-0.85,-1.05,13.0,18.6,-5.6,-0.43,-0.21,Matches
Jaume Doménech,es ESP,GK,Valencia,32,1990,2,79,40,2.3,0.9,1,33,0,1,46,32,0.00,0,3,-3,-3.42,-3.36,0.4,1.6,-1.2,-1.42,-1.33,Matches
Carlos Dominguez,es ESP,DF,Celta Vigo,22,2001,22,"1,584",72,46.3,17.6,18,84,12,4,18,15,1.27,24,29,-5,-0.28,+0.01,22.3,26.4,-4.2,-0.24,-0.25,Matches
Javier Dominguez,es ESP,DF,Celta Vigo,22,2001,0,,,,,0,,0,0,,3,,,,,,,,,,,,Matches
Mario Dominguez,es ESP,FW,Valencia,19,2004,3,25,8,0.7,0.3,0,,0,3,8,4,0.33,0,1,-1,-3.60,-3.49,0.4,0.4,0.0,+0.03,+0.14,Matches
Carlos Dotor,es ESP,MF,Celta Vigo,22,2001,17,708,42,20.7,7.9,7,87,4,10,10,7,0.65,9,12,-3,-0.38,-0.12,8.4,14.1,-5.7,-0.72,-0.78,Matches
Anastasios Douvikas,gr GRE,FW,Celta Vigo,23,1999,32,905,28,26.5,10.1,7,73,2,25,16,3,1.16,12,23,-11,-1.09,-1.09,13.8,21.3,-7.5,-0.74,-0.88,Matches
Artem Dovbyk,ua UKR,FW,Girona,26,1997,36,"2,587",72,75.6,28.7,32,78,10,4,26,0,2.19,67,36,+31,+1.08,+0.21,56.5,38.9,+17.6,+0.61,+0.73,Matches
Domingos Duarte,pt POR,DF,Getafe,28,1995,15,907,60,26.5,10.1,11,78,7,4,14,12,1.27,14,18,-4,-0.40,-0.11,12.2,15.5,-3.3,-0.33,-0.15,Matches
Rubén Duarte,es ESP,DF,Alavés,27,1995,28,"1,878",67,54.9,20.9,21,83,15,7,19,6,1.07,20,30,-10,-0.48,-0.48,25.9,25.8,+0.1,+0.01,-0.07,Matches
Hugo Duro,es ESP,FW,Valencia,23,1999,37,"2,976",80,87.0,33.1,35,83,13,2,30,0,1.32,35,33,+2,+0.06,+1.48,35.8,35.4,+0.3,+0.01,+0.99,Matches
Unai Eguíluz,es ESP,DF,Athletic Club,21,2002,0,,,,,0,,0,0,,9,,,,,,,,,,,,Matches
,,,,,,,,,,,,,,,,,,,,,,,,,,,,
Aritz Elustondo,es ESP,DF,Real Sociedad,29,1994,15,812,54,23.7,9.0,7,86,6,8,27,10,1.73,10,8,+2,+0.22,-0.12,8.3,13.1,-4.8,-0.53,-0.82,Matches
Adri Embarba,es ESP,"FW,MF",Almería,31,1992,36,"2,476",69,72.4,27.5,29,79,12,7,28,2,0.58,25,52,-27,-0.98,-0.50,31.8,42.8,-10.9,-0.40,-0.21,Matches
Youssef En-Nesyri,ma MAR,FW,Sevilla,26,1997,33,"2,570",78,75.1,28.6,28,87,17,5,29,0,1.21,40,33,+7,+0.25,+1.62,34.9,39.9,-5.0,-0.18,+0.46,Matches
Enrique,es ESP,MF,Betis,19,2003,0,,,,,0,,0,0,,2,,,,,,,,,,,,Matches
Gonzalo Escalante,ar ARG,MF,Cádiz,30,1993,25,"1,697",68,49.6,18.9,18,81,8,7,35,5,0.84,11,30,-19,-1.01,-0.49,17.5,24.1,-6.6,-0.35,+0.16,Matches
Aarón Escandell,es ESP,GK,Las Palmas,27,1995,2,153,77,4.5,1.7,1,90,1,1,63,33,0.33,1,4,-3,-1.76,-1.46,0.3,3.7,-3.5,-2.04,-1.49,Matches
Facundo Esnáider,es ESP,MF,Getafe,,,0,,,,,0,,0,0,,2,,,,,,,,,,,,Matches
Alfonso Espino,uy URU,DF,Rayo Vallecano,31,1992,31,"2,507",81,73.3,27.9,29,84,20,2,34,6,1.06,22,37,-15,-0.54,-0.14,30.5,38.3,-7.8,-0.28,-0.82,Matches
Bernardo Espinosa,co COL,DF,Girona,34,1989,2,2,1,0.1,0.0,0,,0,2,1,11,2.00,0,0,0,0.00,-1.03,0.2,0.3,-0.1,-3.28,-3.72,Matches
Karl Etta,cm CMR,FW,Cádiz,19,2003,1,21,21,0.6,0.2,0,,0,1,21,0,0.00,0,0,0,0.00,+0.77,0.0,0.8,-0.8,-3.41,-3.00,Matches
Abde Ezzalzouli,ma MAR,"FW,MF",Barcelona,21,2001,2,68,34,2.0,0.8,0,,0,2,34,1,2.00,2,0,+2,+2.65,+1.76,2.2,0.2,+2.0,+2.66,+1.75,Matches
Abde Ezzalzouli,ma MAR,FW,Betis,21,2001,26,865,33,25.3,9.6,6,70,1,20,22,4,1.35,11,9,+2,+0.21,+0.17,11.4,12.7,-1.3,-0.13,+0.05,Matches
Radamel Falcao,co COL,"FW,DF",Rayo Vallecano,37,1986,22,407,19,11.9,4.5,2,63,0,20,14,12,0.87,7,7,0,0.00,+0.57,6.3,5.1,+1.2,+0.25,+0.36,Matches
Fali,es ESP,DF,Cádiz,29,1993,30,"2,547",85,74.5,28.3,30,85,25,0,,4,0.90,20,39,-19,-0.67,+0.36,25.4,39.9,-14.5,-0.51,-0.33,Matches
Ansu Fati,es ESP,"MF,FW",Barcelona,20,2002,3,50,17,1.5,0.6,0,,0,3,17,0,2.33,2,0,+2,+3.60,+2.72,2.4,0.3,+2.1,+3.86,+2.96,Matches
Peter Federico,do DOM,"MF,FW",Valencia,21,2002,15,649,43,19.0,7.2,5,75,0,10,28,1,0.93,5,11,-6,-0.83,-0.86,10.3,9.8,+0.4,+0.06,+0.22,Matches
Nabil Fekir,fr FRA,"MF,FW",Betis,30,1993,19,"1,049",55,30.7,11.7,10,80,4,9,28,2,1.79,19,15,+4,+0.34,+0.38,14.0,12.9,+1.1,+0.09,+0.37,Matches
Luiz Felipe,it ITA,DF,Betis,26,1997,4,360,90,10.5,4.0,4,90,4,0,,0,1.75,5,5,0,0.00,-0.09,3.3,5.8,-2.5,-0.63,-0.52,Matches
João Félix,pt POR,FW,Barcelona,23,1999,30,"1,540",51,45.0,17.1,18,71,3,12,22,1,2.17,34,16,+18,+1.05,+0.24,35.6,16.8,+18.8,+1.10,+0.28,Matches
João Félix,pt POR,"FW,MF",Atlético Madrid,23,1999,0,,,,,0,,0,0,,2,,,,,,,,,,,,Matches
Kiko Femenía,es ESP,DF,Villarreal,32,1991,23,"1,583",69,46.3,17.6,16,88,12,7,25,13,1.52,31,19,+12,+0.68,+1.27,26.5,23.4,+3.2,+0.18,+0.49,Matches
Guilherme Fernandes,pt POR,GK,Betis,22,2001,0,,,,,0,,0,0,,8,,,,,,,,,,,,Matches
Aitor Fernández,es ESP,GK,Osasuna,32,1991,7,551,79,16.1,6.1,6,90,6,1,11,30,0.63,6,13,-7,-1.14,-1.02,6.1,9.5,-3.4,-0.55,-0.36,Matches
Álex Fernández,es ESP,MF,Cádiz,30,1992,26,"1,285",49,37.6,14.3,14,74,6,12,20,11,0.85,6,20,-14,-0.98,-0.35,10.9,22.9,-12.0,-0.84,-0.66,Matches
Carlos Fernández,es ESP,FW,Real Sociedad,27,1996,10,408,41,11.9,4.5,5,63,1,5,19,6,1.55,7,4,+3,+0.66,+0.39,3.4,5.9,-2.5,-0.55,-0.73,Matches
,,,,,,,,,,,,,,,,,,,,,,,,,,,,
César Fernández,es ESP,GK,Celta Vigo,19,2004,0,,,,,0,,0,0,,1,,,,,,,,,,,,Matches
Marcos Fernández Cózar,es ESP,DF,Mallorca,20,2003,0,,,,,0,,0,0,,4,,,,,,,,,,,,Matches
Raúl Fernández,es ESP,GK,Granada,35,1988,4,280,70,8.2,3.1,4,70,3,0,,10,0.75,8,11,-3,-0.96,+0.12,3.8,7.7,-3.9,-1.25,-0.74,Matches
Valery Fernández,es ESP,"MF,FW",Girona,23,1999,27,506,19,14.8,5.6,2,62,0,25,15,10,2.00,11,10,+1,+0.18,-1.00,10.7,12.0,-1.3,-0.23,-0.78,Matches
Fernando,es ESP,GK,Almería,33,1990,4,360,90,10.5,4.0,4,90,4,0,,34,1.00,11,10,+1,+0.25,+1.22,4.6,6.3,-1.7,-0.42,-0.09,Matches
Fernando,br BRA,MF,Sevilla,36,1987,8,459,57,13.4,5.1,5,74,1,3,29,3,1.00,8,10,-2,-0.39,-0.27,5.4,7.3,-1.9,-0.37,-0.09,Matches
André Ferreira,pt POR,GK,Granada,27,1996,15,"1,340",89,39.2,14.9,14,90,14,1,80,6,0.33,12,29,-17,-1.14,-0.10,15.9,24.6,-8.7,-0.59,-0.03,Matches
Pau Ferrer,es ESP,FW,Las Palmas,19,2003,0,,,,,0,,0,0,,1,,,,,,,,,,,,Matches
Rachad Fettal,ma MAR,FW,Almería,18,2005,1,17,17,0.5,0.2,0,,0,1,17,6,1.00,0,0,0,0.00,+0.85,0.9,0.0,+0.9,+4.52,+4.88,Matches
Bryan Fiabema,no NOR,FW,Real Sociedad,20,2003,0,,,,,0,,0,0,,2,,,,,,,,,,,,Matches
Pablo Fornals,es ESP,"FW,MF",Betis,27,1996,15,"1,148",77,33.6,12.8,14,80,6,1,25,0,1.47,22,20,+2,+0.16,+0.12,12.6,17.2,-4.6,-0.36,-0.29,Matches
Héctor Fort,es ESP,DF,Barcelona,16,2006,7,318,45,9.3,3.5,4,65,0,3,20,17,2.57,9,2,+7,+1.98,+1.17,5.4,2.9,+2.5,+0.70,-0.28,Matches
Dimitri Foulquier,fr FRA,"DF,MF",Valencia,30,1993,33,"1,842",56,53.9,20.5,19,83,14,14,19,0,1.36,20,22,-2,-0.10,+0.07,22.0,27.9,-5.9,-0.29,-0.36,Matches
Juan Foyth,ar ARG,DF,Villarreal,25,1998,12,"1,062",89,31.1,11.8,12,89,11,0,,0,1.00,15,20,-5,-0.42,-0.61,16.3,17.4,-1.2,-0.10,-0.02,Matches
Aitor Fraga,es ESP,GK,Real Sociedad,20,2003,0,,,,,0,,0,0,,11,,,,,,,,,,,,Matches
Fran,es ESP,GK,Real Madrid,18,2005,0,,,,,0,,0,0,,10,,,,,,,,,,,,Matches
Jorge de Frutos,es ESP,"FW,MF",Rayo Vallecano,26,1997,36,"1,549",43,45.3,17.2,14,75,2,22,23,1,0.97,12,21,-9,-0.52,-0.04,18.8,17.4,+1.4,+0.08,+0.26,Matches
Darío Fuentes,es ESP,DF,Sevilla,20,2003,0,,,,,0,,0,0,,11,,,,,,,,,,,,Matches
Toni Fuidias,es ESP,GK,Girona,22,2001,0,,,,,0,,0,0,,38,,,,,,,,,,,,Matches
Daniel Fuzato,br BRA,GK,Getafe,26,1997,1,7,7,0.2,0.1,0,,0,1,7,37,0.00,0,2,-2,-25.71,-25.45,0.0,1.3,-1.2,-15.91,-15.73,Matches
Matteo Gabbia,it ITA,DF,Villarreal,23,1999,7,477,68,13.9,5.3,6,77,3,1,13,8,1.43,8,10,-2,-0.38,-0.44,6.2,9.2,-3.0,-0.57,-0.56,Matches
George Gagua,ge GEO,FW,Alavés,21,2001,0,,,,,0,,0,0,,1,,,,,,,,,,,,Matches
Javi Galán,es ESP,DF,Atlético Madrid,28,1994,5,88,18,2.6,1.0,0,,0,5,18,15,1.80,2,1,+1,+1.02,+0.32,2.3,0.3,+1.9,+1.94,+1.37,Matches
Javi Galán,es ESP,DF,Real Sociedad,28,1994,14,"1,075",77,31.4,11.9,13,82,10,1,7,0,1.57,14,11,+3,+0.25,-0.09,11.6,9.6,+2.0,+0.17,+0.11,Matches
Iñigo Ruiz de Galarreta,es ESP,MF,Athletic Club,29,1993,29,"2,091",72,61.1,23.2,25,79,9,4,27,0,1.79,44,19,+25,+1.08,+1.14,36.3,22.9,+13.4,+0.58,+0.71,Matches
,,,,,,,,,,,,,,,,,,,,,,,,,,,,
Aleix García,es ESP,MF,Girona,26,1997,37,"3,199",86,93.5,35.5,36,88,33,1,18,0,2.11,78,44,+34,+0.96,-1.08,65.7,50.7,+15.0,+0.42,-0.19,Matches
Álvaro García,es ESP,DF,Alavés,18,2005,0,,,,,0,,0,0,,1,,,,,,,,,,,,Matches
Álvaro García,es ESP,"FW,MF",Rayo Vallecano,30,1992,32,"2,475",77,72.4,27.5,30,81,11,2,19,0,0.91,22,38,-16,-0.58,-0.30,32.4,34.7,-2.3,-0.08,-0.09,Matches
Borja García,es ESP,"FW,MF",Girona,32,1990,0,,,,,0,,0,0,,10,,,,,,,,,,,,Matches
Dani García,es ESP,MF,Athletic Club,33,1990,17,745,44,21.8,8.3,7,81,3,10,18,11,1.71,7,11,-4,-0.48,-1.43,8.0,13.1,-5.1,-0.62,-1.18,Matches
David García,es ESP,DF,Osasuna,29,1994,27,"2,334",86,68.2,25.9,27,86,25,0,,2,1.30,28,35,-7,-0.27,+0.06,30.7,31.4,-0.7,-0.03,+0.69,Matches
Eric García,es ESP,DF,Barcelona,22,2001,2,57,29,1.7,0.6,0,,0,2,29,1,3.00,4,1,+3,+4.74,+3.88,3.2,0.4,+2.8,+4.47,+3.59,Matches
Eric García,es ESP,DF,Girona,22,2001,30,"2,637",88,77.1,29.3,30,88,26,0,,1,2.03,70,40,+30,+1.02,-0.01,60.3,43.9,+16.4,+0.56,+0.56,Matches
Fran Garcia,es ESP,DF,Real Madrid,23,1999,25,"1,398",56,40.9,15.5,15,81,9,10,19,13,2.48,34,15,+19,+1.22,-0.65,26.1,15.3,+10.8,+0.69,-0.31,Matches
Gaizka García,es ESP,GK,Alavés,18,2005,0,,,,,0,,0,0,,2,,,,,,,,,,,,Matches
Gonzalo García,es ESP,"FW,MF",Real Madrid,19,2004,2,19,10,0.6,0.2,0,,0,2,10,4,3.00,0,0,0,0.00,-1.61,0.3,0.3,0.0,-0.13,-1.02,Matches
Jastin García,es ESP,FW,Girona,19,2004,3,32,11,0.9,0.4,0,,0,3,11,10,2.00,0,1,-1,-2.81,-3.88,0.7,2.4,-1.7,-4.78,-5.26,Matches
Raúl García,es ESP,"FW,MF",Athletic Club,37,1986,20,420,21,12.3,4.7,1,81,0,19,18,17,1.80,8,3,+5,+1.07,+0.50,7.0,6.7,+0.3,+0.06,-0.27,Matches
Rubén García,es ESP,"FW,MF",Osasuna,30,1993,30,"1,547",52,45.2,17.2,19,71,4,11,17,6,1.00,18,26,-8,-0.47,-0.32,15.8,22.4,-6.6,-0.38,-0.25,Matches
Santiago García,es ESP,FW,Getafe,21,2001,1,25,25,0.7,0.3,0,,0,1,25,1,0.00,0,0,0,0.00,+0.32,0.3,0.3,0.0,-0.03,+0.18,Matches
Unai García,es ESP,DF,Osasuna,31,1992,9,560,62,16.4,6.2,6,84,4,3,18,17,0.90,6,12,-6,-0.96,-0.81,4.5,10.3,-5.8,-0.93,-0.82,Matches
Aleix Garrido,es ESP,MF,Barcelona,19,2004,0,,,,,0,,0,0,,1,,,,,,,,,,,,Matches
Carles Garrido,es ESP,FW,Girona,18,2004,0,,,,,0,,0,0,,1,,,,,,,,,,,,Matches
Yarek Gasiorowski,es ESP,DF,Valencia,18,2005,14,735,53,21.5,8.2,7,90,5,7,15,16,1.00,9,14,-5,-0.61,-0.61,12.4,11.7,+0.8,+0.09,+0.27,Matches
Federico Gattoni,ar ARG,"DF,FW",Sevilla,24,1999,2,10,5,0.3,0.1,0,,0,2,5,15,0.00,0,1,-1,-9.00,-8.87,0.0,0.4,-0.4,-3.32,-3.04,Matches
Gavi,es ESP,"MF,FW",Barcelona,18,2004,12,944,79,27.6,10.5,10,88,9,2,34,0,2.25,22,11,+11,+1.05,+0.18,22.7,10.9,+11.9,+1.13,+0.26,Matches
Paulo Gazzaniga,ar ARG,GK,Girona,31,1992,38,"3,420",90,100.0,38.0,38,90,38,0,,0,2.13,85,46,+39,+1.03,,70.8,54.3,+16.5,+0.43,,Matches
David Gil,es ESP,GK,Cádiz,29,1994,5,372,74,10.9,4.1,4,90,4,1,12,32,0.60,3,8,-5,-1.21,-0.50,2.3,7.1,-4.8,-1.17,-0.83,Matches
Sergio Gimeno,es ESP,DF,Getafe,22,2001,0,,,,,0,,0,0,,2,,,,,,,,,,,,Matches
Aitor Gismera,es ESP,MF,Atlético Madrid,19,2004,0,,,,,0,,0,0,,3,,,,,,,,,,,,Matches
,,,,,,,,,,,,,,,,,,,,,,,,,,,,
Maxi Gómez,uy URU,FW,Cádiz,26,1996,31,"1,163",38,34.0,12.9,12,64,0,19,21,3,0.81,6,21,-15,-1.16,-0.60,10.3,18.4,-8.1,-0.63,-0.30,Matches
Moi Gómez,es ESP,"MF,FW",Osasuna,29,1994,28,"2,006",72,58.7,22.3,23,80,11,5,34,5,1.14,26,30,-4,-0.18,+0.27,23.8,25.7,-1.9,-0.08,+0.39,Matches
Papu Gómez,ar ARG,"FW,MF",Sevilla,35,1988,0,,,,,0,,0,0,,3,,,,,,,,,,,,Matches
Unai Gómez,es ESP,MF,Athletic Club,20,2003,25,875,35,25.6,9.7,9,64,1,16,19,12,1.92,17,11,+6,+0.62,-0.02,12.2,9.4,+2.8,+0.28,-0.02,Matches
Antonio Gomis,es ESP,GK,Atlético Madrid,20,2003,0,,,,,0,,0,0,,38,,,,,,,,,,,,Matches
Édgar González,es ESP,"DF,MF",Almería,26,1997,31,"2,522",81,73.7,28.0,30,83,23,1,45,1,0.58,25,52,-27,-0.96,-0.46,32.3,45.9,-13.6,-0.49,-0.56,Matches
Fabio González,es ESP,MF,Las Palmas,26,1997,6,123,21,3.6,1.4,1,78,0,5,9,11,0.83,2,1,+1,+0.73,+1.14,2.6,2.7,-0.1,-0.06,+0.58,Matches
Fran González,es ESP,DF,Real Madrid,24,1998,0,,,,,0,,0,0,,5,,,,,,,,,,,,Matches
Giovanni González,uy URU,DF,Mallorca,28,1994,34,"2,464",72,72.0,27.4,27,84,20,7,29,3,1.06,21,29,-8,-0.29,-0.01,30.5,29.5,+1.0,+0.04,+0.36,Matches
Hugo González,es ESP,"MF,FW",Valencia,20,2003,9,87,10,2.5,1.0,0,,0,9,10,16,1.22,1,1,0,0.00,+0.14,1.8,1.3,+0.5,+0.51,+0.64,Matches
Iñaki González,es ESP,MF,Las Palmas,19,2004,1,5,5,0.1,0.1,0,,0,1,5,7,3.00,0,0,0,0.00,+0.37,0.2,0.1,+0.1,+2.20,+2.82,Matches
Mario González,es ESP,MF,Granada,19,2004,0,,,,,0,,0,0,,1,,,,,,,,,,,,Matches
Urko González,es ESP,MF,Real Sociedad,22,2001,5,156,31,4.6,1.7,2,51,0,3,18,32,1.40,3,3,0,0.00,-0.33,1.5,1.9,-0.4,-0.24,-0.35,Matches
Andoni Gorosabel,es ESP,DF,Alavés,26,1996,36,"2,854",79,83.5,31.7,33,85,21,3,13,1,1.25,28,35,-7,-0.22,+0.26,36.2,36.4,-0.2,-0.01,-0.28,Matches
Ale Gorrin,es ESP,GK,Las Palmas,20,2002,0,,,,,0,,0,0,,20,,,,,,,,,,,,Matches
Pablo Gozalbez,es ESP,"MF,FW",Valencia,22,2001,5,103,21,3.0,1.1,1,45,0,4,15,26,2.00,2,2,0,0.00,+0.14,1.4,2.3,-0.8,-0.74,-0.64,Matches
Ivo Grbić,hr CRO,GK,Atlético Madrid,27,1996,0,,,,,0,,0,0,,18,,,,,,,,,,,,Matches
Mason Greenwood,eng ENG,"MF,FW",Getafe,21,2001,33,"2,662",81,77.8,29.6,30,86,22,3,27,0,1.18,36,42,-6,-0.20,+0.51,37.9,41.1,-3.2,-0.11,+0.47,Matches
Dominik Greif,sk SVK,GK,Mallorca,26,1997,1,90,90,2.6,1.0,1,90,1,0,,37,1.00,0,0,0,0.00,+0.30,0.9,1.5,-0.6,-0.63,-0.58,Matches
Antoine Griezmann,fr FRA,"FW,MF",Atlético Madrid,32,1991,33,"2,644",80,77.3,29.4,31,83,19,2,39,1,2.00,52,33,+19,+0.65,-0.28,48.2,33.6,+14.6,+0.50,-0.47,Matches
Vicente Guaita,es ESP,GK,Celta Vigo,36,1987,27,"2,403",89,70.3,26.7,26,90,26,1,63,6,1.15,32,39,-7,-0.26,+0.09,35.4,39.0,-3.6,-0.13,-0.12,Matches
Andrés Guardado,mx MEX,MF,Betis,36,1986,12,447,37,13.1,5.0,4,67,1,8,23,6,1.58,5,4,+1,+0.20,+0.14,7.2,6.1,+1.1,+0.23,+0.45,Matches
Sergi Guardiola,es ESP,"FW,MF",Cádiz,32,1991,22,495,23,14.5,5.5,1,69,0,21,20,11,0.73,6,7,-1,-0.18,+0.68,6.7,8.1,-1.3,-0.24,+0.22,Matches
Nemanja Gudelj,rs SRB,"DF,MF",Sevilla,31,1991,22,"1,742",79,50.9,19.4,20,86,16,2,16,2,1.05,29,24,+5,+0.26,+0.85,21.2,25.8,-4.5,-0.23,+0.12,Matches
Gonçalo Guedes,pt POR,"FW,MF",Villarreal,26,1996,17,951,56,27.8,10.6,9,79,3,8,30,1,1.82,24,16,+8,+0.76,+1.05,14.8,15.0,-0.2,-0.02,+0.08,Matches
,,,,,,,,,,,,,,,,,,,,,,,,,,,,
Gui Guedes,pt POR,MF,Almería,21,2002,0,,,,,0,,0,0,,3,,,,,,,,,,,,Matches
Javier Guerra,es ESP,MF,Valencia,20,2003,36,"2,498",69,73.0,27.8,28,83,16,8,22,0,1.25,28,34,-6,-0.22,-0.31,29.9,33.7,-3.7,-0.13,-0.06,Matches
Daniel Guerrero,es ESP,MF,Betis,18,2005,0,,,,,0,,0,0,,1,,,,,,,,,,,,Matches
Ander Guevara,es ESP,MF,Alavés,26,1997,37,"2,932",79,85.7,32.6,33,86,23,4,22,0,1.24,31,41,-10,-0.31,-0.31,39.3,39.0,+0.3,+0.01,-0.22,Matches
Hugo Guillamón,es ESP,MF,Valencia,23,2000,26,"1,315",51,38.5,14.6,12,86,8,14,20,11,1.50,15,19,-4,-0.27,-0.23,16.3,21.8,-5.5,-0.38,-0.42,Matches
Marc Guiu,es ESP,"FW,MF",Barcelona,17,2006,3,74,25,2.2,0.8,1,60,0,2,7,13,2.33,1,0,+1,+1.22,+0.30,2.5,0.5,+2.0,+2.47,+1.56,Matches
Arda Güler,tr TUR,"FW,MF",Real Madrid,18,2005,10,377,38,11.0,4.2,4,78,2,6,11,11,2.60,14,5,+9,+2.15,+0.61,7.1,4.8,+2.3,+0.54,-0.38,Matches
Gerard Gumbau,es ESP,MF,Granada,28,1994,35,"2,674",76,78.2,29.7,31,83,18,4,24,0,0.51,30,65,-35,-1.18,-0.45,31.8,50.7,-18.9,-0.64,-0.31,Matches
İlkay Gündoğan,de GER,MF,Barcelona,32,1990,36,"2,994",83,87.5,33.3,33,88,26,3,32,1,2.19,70,42,+28,+0.84,-0.64,69.8,37.4,+32.4,+0.98,+0.24,Matches
Jon Guridi,es ESP,MF,Alavés,28,1995,36,"2,678",74,78.3,29.8,34,77,10,2,36,1,1.28,30,32,-2,-0.07,+0.90,37.0,32.2,+4.8,+0.16,+0.57,Matches
Gorka Guruzeta,es ESP,FW,Athletic Club,26,1996,32,"2,217",69,64.8,24.6,30,72,4,2,33,1,1.78,43,20,+23,+0.93,+0.86,36.6,22.0,+14.6,+0.59,+0.83,Matches
Miguel Gutiérrez,es ESP,DF,Girona,22,2001,35,"3,032",87,88.7,33.7,35,87,30,0,,1,2.14,73,39,+34,+1.01,-0.15,59.0,45.6,+13.4,+0.40,-0.32,Matches
Munir El Haddadi,ma MAR,FW,Las Palmas,27,1995,38,"2,449",64,71.6,27.2,32,73,3,6,19,0,1.05,24,30,-6,-0.22,+0.52,22.0,39.1,-17.1,-0.63,-0.03,Matches
Ianis Hagi,ro ROU,"MF,FW",Alavés,24,1998,22,804,37,23.5,8.9,8,69,1,14,18,13,0.82,4,13,-9,-1.01,-0.97,11.9,11.0,+0.9,+0.11,+0.09,Matches
Luiz Henrique,br BRA,FW,Betis,22,2001,14,616,44,18.0,6.8,6,73,2,8,22,2,1.64,8,10,-2,-0.29,-0.45,9.0,10.9,-1.9,-0.27,-0.13,Matches
Mario Hermoso,es ESP,DF,Atlético Madrid,28,1995,31,"2,557",82,74.8,28.4,29,87,26,2,16,4,1.94,55,34,+21,+0.74,+0.11,47.4,32.5,+14.9,+0.52,-0.32,Matches
Javi Hernández,es ESP,DF,Cádiz,25,1998,30,"2,514",84,73.5,27.9,28,88,24,2,23,2,1.00,23,42,-19,-0.68,+0.31,27.4,38.9,-11.6,-0.41,+0.06,Matches
Aridane Hernández,es ESP,DF,Rayo Vallecano,34,1989,19,"1,690",89,49.4,18.8,19,89,18,0,,12,1.11,17,26,-9,-0.48,+0.04,23.5,22.6,+0.9,+0.05,+0.21,Matches
Luis Hernández,es ESP,DF,Cádiz,34,1989,9,723,80,21.1,8.0,8,90,8,1,3,0,1.00,6,13,-7,-0.87,-0.14,8.3,13.1,-4.8,-0.59,-0.21,Matches
Unai Hernandez,es ESP,MF,Barcelona,18,2004,0,,,,,0,,0,0,,7,,,,,,,,,,,,Matches
Jorge Herrando,es ESP,DF,Osasuna,22,2001,19,"1,644",87,48.1,18.3,18,89,17,1,36,19,1.05,21,26,-5,-0.27,+0.03,17.3,24.4,-7.0,-0.39,-0.27,Matches
Alejandro Herranz,es ESP,DF,Getafe,18,2004,0,,,,,0,,0,0,,2,,,,,,,,,,,,Matches
Ander Herrera,es ESP,MF,Athletic Club,33,1989,23,"1,030",45,30.1,11.4,10,75,3,13,22,6,1.78,17,10,+7,+0.61,-0.03,13.7,11.2,+2.5,+0.22,-0.11,Matches
Cristian Herrera,es ESP,"FW,MF",Las Palmas,32,1991,8,166,21,4.9,1.8,1,90,1,7,11,23,1.88,3,4,-1,-0.54,-0.18,2.1,3.8,-1.7,-0.94,-0.34,Matches
Sergio Herrera,es ESP,GK,Osasuna,30,1993,32,"2,869",90,83.9,31.9,32,90,31,0,,6,1.34,41,47,-6,-0.19,+0.63,34.4,40.4,-6.0,-0.19,+0.36,Matches
,,,,,,,,,,,,,,,,,,,,,,,,,,,,
Yangel Herrera,ve VEN,MF,Girona,25,1998,29,"2,107",73,61.6,23.4,27,77,9,2,15,1,2.31,53,26,+27,+1.15,+0.33,43.3,29.5,+13.9,+0.59,+0.41,Matches
Juan Herzog,es ESP,DF,Las Palmas,20,2003,4,292,73,8.5,3.2,3,90,3,1,22,17,1.50,6,5,+1,+0.31,+0.74,2.5,7.7,-5.3,-1.63,-1.10,Matches
Martin Hongla,cm CMR,"MF,DF",Granada,25,1998,13,562,43,16.4,6.2,6,70,1,7,20,3,0.69,5,16,-11,-1.76,-0.82,5.0,11.4,-6.4,-1.02,-0.54,Matches
Xabier Huarte Armendáriz,es ESP,MF,Osasuna,22,2001,1,9,9,0.3,0.1,0,,0,1,9,1,0.00,0,0,0,0.00,+0.29,0.1,0.2,-0.1,-0.77,-0.53,Matches
Pablo Ibáñez,es ESP,MF,Osasuna,24,1998,33,"1,152",35,33.7,12.8,12,71,2,21,14,4,1.18,19,20,-1,-0.08,+0.32,17.0,16.3,+0.7,+0.05,+0.45,Matches
Stanis Idumbo,be BEL,MF,Sevilla,18,2005,0,,,,,0,,0,0,,6,,,,,,,,,,,,Matches
Iglesias,es ESP,"DF,FW",Getafe,25,1998,23,"1,412",61,41.3,15.7,16,75,5,7,29,7,1.29,13,19,-6,-0.38,-0.11,16.8,20.7,-4.0,-0.25,-0.07,Matches
Borja Iglesias,es ESP,FW,Betis,30,1993,11,408,37,11.9,4.5,4,63,1,7,22,9,1.45,7,6,+1,+0.22,+0.16,4.7,7.8,-3.1,-0.68,-0.58,Matches
Imanol,es ESP,DF,Athletic Club,23,2000,9,525,58,15.4,5.8,5,84,3,4,27,26,1.56,10,7,+3,+0.51,-0.14,7.5,7.6,-0.1,-0.02,-0.38,Matches
Bruno Iribarne,es ESP,GK,Almería,18,2004,0,,,,,0,,0,0,,1,,,,,,,,,,,,Matches
Isco,es ESP,MF,Betis,31,1992,29,"2,326",80,68.0,25.8,28,82,14,1,37,0,1.55,33,30,+3,+0.12,+0.12,29.7,32.4,-2.7,-0.10,+0.20,Matches
Diego Iturralde,es ESP,DF,Sevilla,20,2003,1,37,37,1.1,0.4,0,,0,1,37,3,3.00,0,0,0,0.00,+0.16,0.6,1.1,-0.5,-1.32,-1.04,Matches
Adnan Januzaj,be BEL,"FW,MF",Sevilla,28,1995,8,193,24,5.6,2.1,0,,0,8,24,11,0.75,1,3,-2,-0.93,-0.82,1.8,3.9,-2.1,-1.00,-0.75,Matches
Mikel Jauregizar,es ESP,MF,Athletic Club,19,2003,7,151,22,4.4,1.7,1,45,0,6,18,8,2.71,2,0,+2,+1.19,+0.59,1.0,4.1,-3.1,-1.86,-2.26,Matches
Luis Javier Suárez,co COL,FW,Almería,25,1997,15,917,61,26.8,10.2,10,83,3,5,18,0,0.73,16,23,-7,-0.69,+0.21,18.0,18.3,-0.3,-0.03,+0.42,Matches
Salim El Jebari,ma MAR,MF,Atlético Madrid,19,2004,1,13,13,0.4,0.1,0,,0,1,13,7,0.00,0,0,0,0.00,-0.71,0.0,0.0,0.0,-0.21,-0.82,Matches
Pere Joan,es ESP,GK,Mallorca,21,2002,0,,,,,0,,0,0,,3,,,,,,,,,,,,Matches
John Joe,ie IRL,MF,Getafe,19,2003,0,,,,,0,,0,0,,6,,,,,,,,,,,,Matches
Frenkie de Jong,nl NED,MF,Barcelona,26,1997,20,"1,634",82,47.8,18.2,20,82,17,0,,1,2.05,41,25,+16,+0.88,-0.08,41.3,20.0,+21.3,+1.17,+0.43,Matches
Joan Jordán,es ESP,MF,Sevilla,29,1994,8,380,48,11.1,4.2,4,86,3,4,9,22,0.89,5,15,-10,-2.37,-2.49,3.3,9.3,-5.9,-1.41,-1.26,Matches
Jordi,es ESP,"MF,DF",Getafe,22,2001,13,573,44,16.8,6.4,5,69,0,8,29,11,1.23,11,7,+4,+0.63,+1.13,10.1,8.8,+1.3,+0.20,+0.50,Matches
Jeremy Jorge,es ESP,FW,Getafe,20,2003,1,2,2,0.1,0.0,0,,0,1,2,1,0.00,0,0,0,0.00,+0.32,1.2,0.0,+1.2,+52.17,+52.41,Matches
Willian José,br BRA,FW,Betis,31,1991,33,"1,971",60,57.6,21.9,25,70,7,8,27,2,1.52,25,28,-3,-0.14,-0.51,24.0,26.3,-2.4,-0.11,+0.14,Matches
Joseda,es ESP,DF,Alavés,22,2001,0,,,,,0,,0,0,,4,,,,,,,,,,,,Matches
Joselu,es ESP,FW,Real Madrid,33,1990,34,"1,687",50,49.3,18.7,15,84,10,19,23,2,2.50,51,10,+41,+2.19,+1.15,38.5,17.4,+21.1,+1.12,+0.48,Matches
,,,,,,,,,,,,,,,,,,,,,,,,,,,,
Kamil Jóźwiak,pl POL,MF,Granada,25,1998,11,571,52,16.7,6.3,7,74,1,4,13,1,0.82,8,9,-1,-0.16,+1.11,6.9,8.8,-1.9,-0.31,+0.31,Matches
Juanmi,es ESP,FW,Cádiz,30,1993,16,873,55,25.5,9.7,9,75,3,7,28,0,1.06,7,15,-8,-0.82,-0.08,10.1,11.9,-1.8,-0.19,+0.33,Matches
Juanpe,es ESP,DF,Girona,32,1991,17,746,44,21.8,8.3,6,80,5,11,24,19,1.94,10,15,-5,-0.60,-2.08,12.0,14.8,-2.9,-0.34,-1.00,Matches
Vinicius Júnior,br BRA,FW,Real Madrid,23,2000,26,"1,864",72,54.5,20.7,22,80,7,4,26,3,2.62,48,12,+36,+1.74,+0.29,39.3,19.3,+20.0,+0.96,+0.19,Matches
Filip Jørgensen,dk DEN,GK,Villarreal,21,2002,36,"3,240",90,94.7,36.0,36,90,36,0,,2,1.36,59,63,-4,-0.11,-2.11,51.9,57.3,-5.4,-0.15,-1.26,Matches
Sory Kaba,gn GUI,FW,Las Palmas,28,1995,17,720,42,21.1,8.0,9,67,2,8,15,19,1.06,3,11,-8,-1.00,-0.80,5.7,13.3,-7.6,-0.95,-0.41,Matches
Kaiky,br BRA,DF,Almería,19,2004,8,523,65,15.3,5.8,5,90,5,3,24,14,0.38,11,19,-8,-1.38,-0.63,9.5,11.8,-2.3,-0.39,-0.06,Matches
Jon Karrikaburu,es ESP,"MF,FW",Alavés,20,2002,2,16,8,0.5,0.2,0,,0,2,8,13,0.00,0,1,-1,-5.63,-5.39,0.0,1.2,-1.1,-6.26,-6.33,Matches
Jon Karrikaburu,es ESP,FW,Real Sociedad,20,2002,0,,,,,0,,0,0,,2,,,,,,,,,,,,Matches
Ibrahima Kebe,ml MLI,MF,Girona,22,2000,2,9,5,0.3,0.1,0,,0,2,5,15,2.00,0,0,0,0.00,-1.03,0.1,0.3,-0.2,-1.57,-2.01,Matches
Kiké,es ESP,"FW,MF",Alavés,33,1989,33,"1,423",43,41.6,15.8,15,71,1,18,20,4,1.24,19,15,+4,+0.25,+0.88,23.6,17.3,+6.4,+0.40,+0.62,Matches
Álvaro Killane,es ESP,GK,Las Palmas,18,2004,0,,,,,0,,0,0,,1,,,,,,,,,,,,Matches
Diego Kochen,us USA,GK,Barcelona,17,2006,0,,,,,0,,0,0,,26,,,,,,,,,,,,Matches
Koke,es ESP,MF,Atlético Madrid,31,1992,35,"2,493",71,72.9,27.7,32,76,18,3,23,0,2.06,51,33,+18,+0.65,-0.22,48.0,30.3,+17.7,+0.64,+0.13,Matches
Ibrahima Koné,ml MLI,FW,Almería,24,1999,9,277,31,8.1,3.1,2,65,0,7,21,6,0.67,5,11,-6,-1.95,-1.20,4.4,6.4,-2.1,-0.67,-0.36,Matches
Ilias Kostis,gr GRE,DF,Atlético Madrid,20,2003,0,,,,,0,,0,0,,7,,,,,,,,,,,,Matches
Rominigue Kouamé,ml MLI,MF,Cádiz,26,1996,16,821,51,24.0,9.1,9,74,3,7,22,5,0.81,10,13,-3,-0.33,+0.57,10.2,12.1,-1.9,-0.21,+0.28,Matches
Jules Koundé,fr FRA,DF,Barcelona,24,1998,35,"2,899",83,84.8,32.2,32,88,30,3,29,2,2.31,69,38,+31,+0.96,+0.27,66.9,37.0,+29.9,+0.93,-0.12,Matches
Toni Kroos,de GER,MF,Real Madrid,33,1990,33,"2,124",64,62.1,23.6,24,80,10,9,22,5,2.48,53,19,+34,+1.44,-0.43,42.1,23.9,+18.3,+0.77,-0.27,Matches
Takefusa Kubo,jp JPN,"FW,MF",Real Sociedad,22,2001,30,"2,150",72,62.9,23.9,24,83,14,6,28,4,1.53,32,24,+8,+0.33,+0.05,28.6,26.4,+2.2,+0.09,-0.01,Matches
Luca de la Torre,us USA,MF,Celta Vigo,25,1998,31,"1,956",63,57.2,21.7,22,81,10,9,20,2,1.03,19,31,-12,-0.55,-0.61,25.6,30.0,-4.4,-0.20,-0.24,Matches
Yoel Lago,es ESP,DF,Celta Vigo,19,2004,1,90,90,2.6,1.0,1,90,1,0,,0,1.00,2,2,0,0.00,+0.30,1.5,2.0,-0.5,-0.47,-0.38,Matches
Érik Lamela,ar ARG,"FW,MF",Sevilla,31,1992,13,463,36,13.5,5.1,5,76,2,8,10,7,1.31,10,7,+3,+0.58,+0.86,6.3,9.0,-2.7,-0.52,-0.27,Matches
Bruno Langa,mz MOZ,DF,Almería,25,1997,11,820,75,24.0,9.1,9,87,8,2,18,4,1.00,15,15,0,0.00,+1.11,12.5,14.5,-2.0,-0.22,+0.16,Matches
Cyle Larin,ca CAN,FW,Mallorca,28,1995,35,"1,823",52,53.3,20.3,20,70,3,15,28,2,1.00,20,21,-1,-0.05,+0.51,23.5,20.7,+2.8,+0.14,+0.43,Matches
,,,,,,,,,,,,,,,,,,,,,,,,,,,,
Juanmi Latasa,es ESP,FW,Getafe,22,2001,32,"1,555",49,45.5,17.3,15,71,4,17,29,4,1.06,17,20,-3,-0.17,+0.26,22.9,22.5,+0.4,+0.02,+0.44,Matches
Toni Lato,es ESP,DF,Mallorca,25,1997,28,"1,544",55,45.1,17.2,16,79,4,12,23,7,1.00,12,16,-4,-0.23,+0.10,18.4,19.4,-1.1,-0.06,0.00,Matches
Lázaro,br BRA,"FW,MF",Almería,21,2002,14,285,20,8.3,3.2,2,54,0,12,15,9,0.21,1,10,-9,-2.84,-2.18,3.5,8.8,-5.3,-1.68,-1.46,Matches
Robin Le Normand,es ESP,DF,Real Sociedad,26,1996,29,"2,469",85,72.2,27.4,28,87,23,1,21,6,1.59,37,30,+7,+0.26,-0.22,33.1,27.3,+5.8,+0.21,+0.42,Matches
Jeremías Ledesma,ar ARG,GK,Cádiz,30,1993,34,"3,048",90,89.1,33.9,34,90,33,0,,1,0.88,23,47,-24,-0.71,+0.50,33.6,45.1,-11.5,-0.34,+0.83,Matches
Florian Lejeune,fr FRA,DF,Rayo Vallecano,32,1991,37,"3,327",90,97.3,37.0,37,90,36,0,,0,1.00,29,48,-19,-0.51,-0.51,40.9,43.5,-2.7,-0.07,-0.47,Matches
Stefan Lekovic,rs SRB,DF,Villarreal,19,2004,1,29,29,0.8,0.3,0,,0,1,29,3,3.00,1,1,0,0.00,0.00,0.4,0.3,+0.1,+0.25,+0.34,Matches
Iñigo Lekue,es ESP,DF,Athletic Club,30,1993,27,"2,002",74,58.5,22.2,22,83,18,5,35,9,1.89,34,23,+11,+0.49,-0.33,31.5,25.8,+5.6,+0.25,-0.11,Matches
Thomas Lemar,fr FRA,MF,Atlético Madrid,27,1995,3,164,55,4.8,1.8,3,55,0,0,,2,1.33,1,2,-1,-0.55,-1.32,1.5,1.9,-0.4,-0.20,-0.84,Matches
Álvaro Lemos,es ESP,DF,Las Palmas,30,1993,4,251,63,7.3,2.8,3,64,1,1,59,18,1.25,3,3,0,0.00,+0.40,3.1,5.5,-2.4,-0.87,-0.27,Matches
Ruben Lendinez,es ESP,DF,Valencia,20,2003,1,11,11,0.3,0.1,0,,0,1,11,17,1.00,0,0,0,0.00,+0.13,0.0,0.0,0.0,0.00,+0.12,Matches
Robert Lewandowski,pl POL,FW,Barcelona,34,1988,35,"2,750",79,80.4,30.6,32,83,20,3,31,0,2.23,67,35,+32,+1.05,+0.64,61.5,34.6,+26.9,+0.88,-0.33,Matches
Yuzún Ley,es ESP,DF,Mallorca,19,2004,0,,,,,0,,0,0,,7,,,,,,,,,,,,Matches
Samuel Lino,br BRA,"DF,MF",Atlético Madrid,23,1999,34,"2,080",61,60.8,23.1,25,72,6,9,31,2,2.06,46,21,+25,+1.08,+0.95,38.5,21.9,+16.6,+0.72,+0.29,Matches
Javier Llabrés,es ESP,"MF,FW",Mallorca,20,2002,16,247,15,7.2,2.7,1,69,0,15,12,22,0.81,3,3,0,0.00,+0.31,4.9,3.4,+1.5,+0.54,+0.65,Matches
Marcos Llorente,es ESP,"MF,DF",Atlético Madrid,28,1995,37,"2,565",69,75.0,28.5,29,79,17,8,34,0,2.05,50,33,+17,+0.60,-0.46,43.3,30.3,+13.1,+0.46,-0.59,Matches
Enzo Loiodice,fr FRA,MF,Las Palmas,22,2000,34,"1,790",53,52.3,19.9,19,76,4,15,23,4,1.18,16,19,-3,-0.15,+0.46,17.8,24.5,-6.7,-0.34,+0.59,Matches
Adrián López,es ESP,GK,Granada,24,1999,0,,,,,0,,0,0,,25,,,,,,,,,,,,Matches
Alberto López,es ESP,GK,Sevilla,19,2003,0,,,,,0,,0,0,,21,,,,,,,,,,,,Matches
David López,es ESP,DF,Mallorca,20,2003,0,,,,,0,,0,0,,12,,,,,,,,,,,,Matches
David López,es ESP,DF,Girona,33,1989,25,"1,965",79,57.5,21.8,25,79,15,0,,2,2.48,50,25,+25,+1.15,+0.28,39.0,31.1,+7.9,+0.36,-0.17,Matches
Diego López,es ESP,MF,Getafe,21,2001,0,,,,,0,,0,0,,3,,,,,,,,,,,,Matches
Diego López,es ESP,"MF,FW",Valencia,21,2002,36,"2,656",74,77.7,29.5,30,81,8,6,40,0,1.33,28,34,-6,-0.20,-0.32,32.5,36.1,-3.5,-0.12,-0.01,Matches
Fermin López,es ESP,"MF,FW",Barcelona,20,2003,31,"1,446",47,42.3,16.1,14,70,1,17,28,6,2.29,31,15,+16,+1.00,+0.13,29.8,17.7,+12.1,+0.75,-0.33,Matches
Javi López,es ESP,DF,Alavés,21,2002,32,"2,386",75,69.8,26.5,25,88,20,7,28,5,1.31,29,28,+1,+0.04,+1.00,34.4,29.1,+5.3,+0.20,+0.53,Matches
,,,,,,,,,,,,,,,,,,,,,,,,,,,,
Unai López,es ESP,MF,Rayo Vallecano,27,1995,35,"2,108",60,61.6,23.4,28,70,5,7,23,2,1.06,19,28,-9,-0.38,+0.30,26.1,27.4,-1.3,-0.05,+0.01,Matches
Dion Lopy,sn SEN,MF,Almería,21,2002,30,"1,916",64,56.0,21.3,23,78,12,7,17,5,0.37,20,44,-24,-1.13,-0.65,28.6,37.9,-9.3,-0.44,-0.22,Matches
Anthony Lozano,hn HON,"MF,FW",Getafe,30,1993,6,92,15,2.7,1.0,0,,0,6,15,13,0.33,1,4,-3,-2.93,-2.69,0.9,3.2,-2.3,-2.22,-2.06,Matches
Anthony Lozano,hn HON,FW,Almería,30,1993,13,772,59,22.6,8.6,10,70,1,3,26,2,0.69,10,11,-1,-0.12,+0.94,9.9,11.6,-1.7,-0.19,+0.19,Matches
Lucas,br BRA,DF,Cádiz,22,2001,28,"1,539",55,45.0,17.1,15,87,13,13,18,9,0.75,7,33,-26,-1.52,-1.38,14.2,25.9,-11.7,-0.69,-0.47,Matches
José Luis Gayà,es ESP,DF,Valencia,28,1995,24,"1,791",75,52.4,19.9,22,80,14,2,21,1,1.46,24,23,+1,+0.05,+0.38,24.6,24.1,+0.5,+0.02,+0.30,Matches
Mario de Luis,es ESP,GK,Real Madrid,21,2002,0,,,,,0,,0,0,,3,,,,,,,,,,,,Matches
José Luis Morales,es ESP,"FW,MF",Villarreal,36,1987,29,"1,048",36,30.6,11.6,8,71,0,21,23,9,1.38,15,25,-10,-0.86,-1.24,17.1,20.8,-3.6,-0.31,-0.33,Matches
Dodi Lukebakio,be BEL,"FW,MF",Sevilla,25,1997,23,"1,125",49,32.9,12.5,12,70,3,11,26,1,1.17,18,20,-2,-0.16,0.00,17.2,18.4,-1.2,-0.10,+0.29,Matches
Daniel Luna,co COL,MF,Mallorca,20,2003,0,,,,,0,,0,0,,13,,,,,,,,,,,,Matches
Andriy Lunin,ua UKR,GK,Real Madrid,24,1999,21,"1,890",90,55.3,21.0,21,90,21,0,,17,2.52,52,17,+35,+1.67,+0.14,39.1,18.9,+20.2,+0.96,+0.19,Matches
Darwin Machís,ve VEN,MF,Cádiz,30,1993,21,785,37,23.0,8.7,10,60,1,11,17,12,0.76,12,13,-1,-0.11,+0.84,10.0,12.6,-2.6,-0.30,+0.17,Matches
Pablo Maffeo,es ESP,DF,Mallorca,26,1997,22,"1,454",66,42.5,16.2,17,81,11,5,16,5,0.95,18,21,-3,-0.19,+0.18,17.6,19.1,-1.5,-0.09,-0.04,Matches
Jon Magunacelaya,es ESP,"FW,MF",Real Sociedad,23,2000,5,121,24,3.5,1.3,1,63,0,4,15,14,1.40,3,0,+3,+2.23,+1.99,3.0,0.3,+2.6,+1.97,+1.94,Matches
Nemanja Maksimović,rs SRB,MF,Getafe,28,1995,37,"3,265",88,95.5,36.3,37,88,29,0,,0,1.14,38,52,-14,-0.39,-1.55,41.2,51.0,-9.8,-0.27,-1.22,Matches
Giorgi Mamardashvili,ge GEO,GK,Valencia,22,2000,37,"3,284",89,96.0,36.5,37,89,36,0,,0,1.32,40,41,-1,-0.03,+2.62,42.2,45.2,-3.1,-0.08,+0.87,Matches
Wilson Manafá,pt POR,"DF,MF",Granada,29,1994,4,240,60,7.0,2.7,3,77,1,1,9,14,0.25,1,6,-5,-1.87,-0.86,2.1,4.4,-2.2,-0.84,-0.29,Matches
Reinildo Mandava,mz MOZ,DF,Atlético Madrid,29,1994,16,731,46,21.4,8.1,7,84,6,9,16,8,2.13,17,11,+6,+0.74,+0.04,14.4,6.3,+8.1,+1.00,+0.50,Matches
Aïssa Mandi,dz ALG,DF,Villarreal,31,1991,16,"1,113",70,32.5,12.4,12,85,10,4,22,16,1.38,21,21,0,0.00,0.00,18.4,17.9,+0.5,+0.04,+0.18,Matches
Javier Manquillo,es ESP,"DF,MF",Celta Vigo,29,1994,12,744,62,21.8,8.3,10,73,4,2,8,3,1.83,13,12,+1,+0.12,+0.52,10.1,11.7,-1.5,-0.19,-0.11,Matches
Faitout Maouassa,fr FRA,"DF,MF",Granada,25,1998,6,229,38,6.7,2.5,2,75,1,4,20,11,0.67,4,8,-4,-1.57,-0.53,4.1,5.4,-1.3,-0.46,+0.11,Matches
Nikola Maraš,rs SRB,DF,Alavés,27,1995,0,,,,,0,,0,0,,20,,,,,,,,,,,,Matches
Marcão,br BRA,DF,Sevilla,27,1996,7,355,51,10.4,3.9,3,83,2,4,26,13,1.00,5,8,-3,-0.76,-0.67,5.2,6.1,-0.8,-0.21,+0.08,Matches
Agustín Marchesín,ar ARG,GK,Celta Vigo,35,1988,0,,,,,0,,0,0,,18,,,,,,,,,,,,Matches
Óscar de Marcos,es ESP,DF,Athletic Club,34,1989,28,"2,258",81,66.0,25.1,26,84,21,2,36,4,1.75,46,27,+19,+0.76,+0.37,35.9,31.1,+4.8,+0.19,-0.32,Matches
,,,,,,,,,,,,,,,,,,,,,,,,,,,,
Alberto Marí,es ESP,FW,Valencia,22,2001,16,276,17,8.1,3.1,2,68,0,14,10,6,1.25,4,8,-4,-1.30,-1.28,5.4,8.6,-3.2,-1.06,-1.02,Matches
José Mari,es ESP,"MF,FW",Cádiz,35,1987,3,14,5,0.4,0.2,0,,0,3,5,14,1.25,2,3,-1,-6.43,-5.69,0.2,0.5,-0.2,-1.43,-1.01,Matches
José María Giménez,uy URU,DF,Atlético Madrid,28,1995,22,"1,326",60,38.8,14.7,14,82,10,8,22,2,2.18,31,15,+16,+1.09,+0.61,25.4,13.9,+11.5,+0.78,+0.29,Matches
Mariano,do DOM,"FW,MF",Sevilla,29,1993,9,244,27,7.1,2.7,2,75,0,7,14,5,0.33,4,7,-3,-1.11,-1.02,4.3,4.8,-0.5,-0.20,+0.10,Matches
Rafa Marín,es ESP,DF,Alavés,21,2002,33,"2,443",74,71.4,27.1,27,87,26,6,15,3,1.18,23,36,-13,-0.48,-0.76,30.5,33.8,-3.3,-0.12,-0.56,Matches
Pablo Marín,es ESP,MF,Real Sociedad,20,2003,0,,,,,0,,0,0,,12,,,,,,,,,,,,Matches
Diego Mariño,es ESP,GK,Almería,33,1990,1,90,90,2.6,1.0,1,90,1,0,,37,0.00,0,2,-2,-2.00,-1.19,1.4,2.1,-0.7,-0.68,-0.35,Matches
Mika Màrmol,es ESP,DF,Las Palmas,21,2002,36,"3,178",88,92.9,35.3,36,88,33,0,,1,1.08,31,44,-13,-0.37,0.00,31.0,53.1,-22.1,-0.63,-0.12,Matches
Unai Marrero,es ESP,GK,Real Sociedad,21,2001,2,142,71,4.2,1.6,1,90,1,1,52,36,0.50,2,3,-1,-0.63,-0.99,2.0,2.5,-0.6,-0.35,-0.47,Matches
Roger Martí,es ESP,FW,Cádiz,32,1991,23,"1,359",59,39.7,15.1,18,70,3,5,19,2,0.96,15,19,-4,-0.26,+0.83,16.7,20.5,-3.9,-0.26,+0.29,Matches
Iván Martín,es ESP,MF,Girona,24,1999,36,"2,729",76,79.8,30.3,33,81,12,3,15,1,2.25,71,35,+36,+1.19,+0.80,56.3,41.3,+15.1,+0.50,+0.31,Matches
Jon Martin,es ESP,DF,Real Sociedad,17,2006,1,24,24,0.7,0.3,0,,0,1,24,8,3.00,0,0,0,0.00,-0.32,0.2,0.0,+0.2,+0.64,+0.55,Matches
Mario Martín,es ESP,MF,Real Madrid,19,2004,2,18,9,0.5,0.2,0,,0,2,9,3,2.00,0,0,0,0.00,-1.61,0.1,0.5,-0.4,-1.97,-2.86,Matches
Arnau Martinez,es ESP,DF,Girona,20,2003,21,"1,241",59,36.3,13.8,14,80,6,7,17,15,2.33,26,14,+12,+0.87,-0.24,23.5,21.8,+1.7,+0.13,-0.48,Matches
Iñigo Martínez,es ESP,DF,Barcelona,32,1991,20,"1,296",65,37.9,14.4,13,89,12,7,20,7,2.45,27,11,+16,+1.11,+0.31,23.8,12.9,+10.9,+0.76,-0.30,Matches
Javi Martínez,es ESP,MF,Osasuna,23,1999,0,,,,,0,,0,0,,2,,,,,,,,,,,,Matches
Marc Martínez,es ESP,GK,Granada,33,1990,3,270,90,7.9,3.0,3,90,3,0,,14,0.00,2,11,-9,-3.00,-2.09,4.1,8.8,-4.6,-1.54,-1.05,Matches
Javi Martón,es ESP,FW,Athletic Club,24,1999,0,,,,,0,,0,0,,3,,,,,,,,,,,,Matches
Marvin,es ESP,"FW,DF",Las Palmas,23,2000,31,"1,855",60,54.2,20.6,17,82,7,14,33,1,1.19,15,25,-10,-0.49,-0.26,17.2,27.0,-9.8,-0.47,+0.32,Matches
Omar Mascarell,gq EQG,MF,Mallorca,30,1993,29,"1,571",54,45.9,17.5,18,72,5,11,26,5,1.07,10,21,-11,-0.63,-0.63,19.9,16.9,+3.1,+0.17,+0.44,Matches
Pau Mascaró,es ESP,FW,Mallorca,18,2004,0,,,,,0,,0,0,,3,,,,,,,,,,,,Matches
Jaime Mata,es ESP,"FW,MF",Getafe,34,1988,35,"1,787",51,52.3,19.9,22,69,5,13,21,1,1.23,25,30,-5,-0.25,+0.13,24.8,29.5,-4.7,-0.24,-0.05,Matches
Luís Maximiano,pt POR,GK,Almería,24,1999,33,"2,970",90,86.8,33.0,33,90,33,0,,4,0.52,32,63,-31,-0.94,-0.74,42.7,53.2,-10.5,-0.32,+0.15,Matches
Borja Mayoral,es ESP,FW,Getafe,26,1997,27,"2,153",80,63.0,23.9,25,83,10,2,36,0,1.30,34,34,0,0.00,+0.85,29.2,32.3,-3.1,-0.13,+0.22,Matches
Mamadou Mbaye,sn SEN,DF,Cádiz,25,1998,4,288,72,8.4,3.2,2,90,2,2,54,27,0.75,2,5,-3,-0.94,-0.19,1.6,5.7,-4.2,-1.30,-0.95,Matches
,,,,,,,,,,,,,,,,,,,,,,,,,,,,
Djordjije Medenica,es ESP,GK,Getafe,16,2006,0,,,,,0,,0,0,,7,,,,,,,,,,,,Matches
Hannibal Mejbri,tn TUN,MF,Sevilla,20,2003,6,104,17,3.0,1.2,1,52,0,5,10,11,1.67,2,2,0,0.00,+0.16,1.7,1.9,-0.2,-0.20,+0.09,Matches
Óscar Melendo,es ESP,"MF,FW",Granada,25,1997,26,"1,122",43,32.8,12.5,15,63,0,11,16,10,0.31,12,23,-11,-0.88,+0.29,13.5,19.9,-6.4,-0.51,+0.08,Matches
Gonzalo Melero,es ESP,"MF,FW",Almería,29,1994,28,"1,103",39,32.3,12.3,10,70,3,18,22,3,0.64,17,27,-10,-0.82,+0.04,20.5,20.3,+0.2,+0.02,+0.52,Matches
Memphis,nl NED,FW,Atlético Madrid,29,1994,23,893,39,26.1,9.9,9,61,1,14,25,3,1.74,16,14,+2,+0.20,-0.69,15.7,9.6,+6.1,+0.61,+0.01,Matches
Houboulang Mendes,gw GNB,DF,Almería,25,1998,7,396,57,11.6,4.4,4,79,2,3,27,6,0.00,4,11,-7,-1.59,-0.85,3.8,9.1,-5.3,-1.19,-0.97,Matches
Tomás Mendes,es ESP,MF,Alavés,18,2004,1,6,6,0.2,0.1,0,,0,1,6,8,0.00,0,0,0,0.00,+0.26,0.1,0.0,+0.1,+0.88,+0.85,Matches
Brais Méndez,es ESP,"MF,FW",Real Sociedad,26,1997,32,"2,413",75,70.6,26.8,27,83,16,5,36,1,1.59,34,29,+5,+0.19,-0.44,29.7,31.3,-1.6,-0.06,-0.53,Matches
Bruno Méndez,uy URU,DF,Granada,23,1999,17,"1,333",78,39.0,14.8,15,86,9,2,24,1,0.65,13,23,-10,-0.68,+0.66,15.0,21.1,-6.1,-0.41,+0.26,Matches
Diego Méndez,es ESP,MF,Rayo Vallecano,19,2003,1,5,5,0.1,0.1,0,,0,1,5,13,3.00,0,0,0,0.00,+0.50,0.0,0.0,0.0,-0.82,-0.76,Matches
Ferland Mendy,fr FRA,DF,Real Madrid,28,1995,23,"1,720",75,50.3,19.1,21,80,12,2,18,5,2.43,44,9,+35,+1.83,+0.45,34.7,16.3,+18.4,+0.97,+0.18,Matches
Nobel Mendy,fr FRA,DF,Betis,18,2004,0,,,,,0,,0,0,,4,,,,,,,,,,,,Matches
Jorge Meré,es ESP,DF,Cádiz,26,1997,10,673,67,19.7,7.5,8,78,3,2,25,16,0.80,6,12,-6,-0.80,-0.05,5.6,9.5,-3.8,-0.51,-0.10,Matches
Mikel Merino,es ESP,MF,Real Sociedad,27,1996,32,"2,482",78,72.6,27.6,27,86,20,5,34,3,1.75,42,23,+19,+0.69,+1.36,32.4,29.5,+2.9,+0.11,+0.04,Matches
Sergio Mestre,es ESP,GK,Atlético Madrid,18,2005,0,,,,,0,,0,0,,1,,,,,,,,,,,,Matches
Omenuke Mfulu,cd COD,"MF,FW",Las Palmas,29,1994,5,82,16,2.4,0.9,1,45,0,4,9,17,0.83,1,3,-2,-2.20,-1.87,0.3,2.9,-2.6,-2.94,-2.38,Matches
Miguel,es ESP,"FW,MF",Alavés,23,1999,3,65,22,1.9,0.7,1,56,0,2,5,0,1.00,0,2,-2,-2.77,-2.55,0.3,1.0,-0.7,-0.94,-1.00,Matches
Miguelito,es ESP,DF,Mallorca,22,2001,0,,,,,0,,0,0,,2,,,,,,,,,,,,Matches
Éder Militão,br BRA,DF,Real Madrid,25,1998,10,496,50,14.5,5.5,6,75,3,4,12,0,2.60,19,4,+15,+2.72,+1.31,8.3,5.5,+2.8,+0.51,-0.44,Matches
Luis Milla,es ESP,MF,Getafe,28,1994,27,"2,115",78,61.8,23.5,25,83,16,2,23,0,1.07,26,36,-10,-0.43,-0.29,32.6,33.2,-0.6,-0.03,+0.49,Matches
Marko Milovanović,rs SRB,"FW,MF",Almería,19,2003,11,308,28,9.0,3.4,2,57,0,9,22,14,0.55,3,7,-4,-1.17,-0.36,3.7,5.0,-1.3,-0.39,-0.05,Matches
Óscar Mingueza,es ESP,"DF,MF",Celta Vigo,24,1999,38,"2,998",79,87.7,33.3,33,86,26,5,30,0,1.08,41,48,-7,-0.21,+0.64,46.5,48.2,-1.7,-0.05,+0.39,Matches
Ignasi Miquel,es ESP,DF,Granada,30,1992,34,"2,992",88,87.5,33.2,33,89,32,1,67,1,0.59,32,67,-35,-1.05,+0.21,34.1,53.2,-19.0,-0.57,-0.03,Matches
Rafa Mir,es ESP,"FW,MF",Sevilla,26,1997,15,391,26,11.4,4.3,3,73,1,12,14,8,0.93,5,4,+1,+0.23,+0.44,6.0,6.7,-0.6,-0.14,+0.16,Matches
Juan Miranda,es ESP,DF,Betis,23,2000,25,"1,858",74,54.3,20.6,21,82,13,4,36,10,1.52,24,22,+2,+0.10,+0.04,25.1,20.3,+4.8,+0.23,+0.88,Matches
,,,,,,,,,,,,,,,,,,,,,,,,,,,,
Stefan Mitrović,rs SRB,DF,Getafe,33,1990,11,699,64,20.4,7.8,9,75,5,2,11,10,1.18,9,11,-2,-0.26,+0.07,5.8,9.4,-3.6,-0.46,-0.31,Matches
Luka Modrić,hr CRO,MF,Real Madrid,37,1985,32,"1,688",53,49.4,18.8,18,77,4,14,21,5,2.41,43,16,+27,+1.44,-0.33,33.2,16.7,+16.4,+0.88,-0.01,Matches
Johan Mojica,co COL,DF,Osasuna,30,1992,30,"2,041",68,59.7,22.7,22,84,16,8,23,3,1.17,26,35,-9,-0.40,-0.27,23.4,31.6,-8.2,-0.36,-0.28,Matches
Horaţiu Moldovan,ro ROU,GK,Atlético Madrid,25,1998,0,,,,,0,,0,0,,18,,,,,,,,,,,,Matches
Alberto Moleiro,es ESP,"FW,MF",Las Palmas,19,2003,28,"1,803",64,52.7,20.0,21,77,9,7,27,0,1.04,23,28,-5,-0.25,+0.25,19.3,31.3,-12.0,-0.60,+0.04,Matches
Nahuel Molina,ar ARG,DF,Atlético Madrid,25,1998,30,"1,852",62,54.2,20.6,19,76,8,11,38,2,1.90,39,21,+18,+0.87,+0.36,34.4,21.0,+13.4,+0.65,+0.11,Matches
Jon Moncayola,es ESP,MF,Osasuna,25,1998,33,"1,800",55,52.6,20.0,21,75,7,12,19,2,1.21,24,30,-6,-0.30,-0.02,19.3,28.4,-9.2,-0.46,-0.45,Matches
Eric Monjonell,es ESP,DF,Girona,21,2001,0,,,,,0,,0,0,,2,,,,,,,,,,,,Matches
Rubén Montero,es ESP,GK,Alavés,17,2005,0,,,,,0,,0,0,,5,,,,,,,,,,,,Matches
César Montes,mx MEX,DF,Almería,26,1997,21,"1,788",85,52.3,19.9,21,85,17,0,,7,0.57,17,40,-23,-1.16,-0.66,24.7,31.8,-7.1,-0.36,-0.04,Matches
Gonzalo Montiel,ar ARG,DF,Sevilla,26,1997,0,,,,,0,,0,0,,1,,,,,,,,,,,,Matches
Alejandro Morata,es ESP,DF,Cádiz,17,2006,0,,,,,0,,0,0,,2,,,,,,,,,,,,Matches
Álvaro Morata,es ESP,FW,Atlético Madrid,30,1992,32,"1,904",60,55.7,21.2,21,74,5,11,32,2,1.91,40,25,+15,+0.71,0.00,34.1,25.1,+9.0,+0.42,-0.41,Matches
Alberto Moreno,es ESP,DF,Villarreal,31,1992,27,"1,484",55,43.4,16.5,17,71,3,10,27,3,1.48,37,26,+11,+0.67,+1.18,24.2,24.2,+0.1,0.00,+0.15,Matches
Gerard Moreno,es ESP,FW,Villarreal,31,1992,30,"2,215",74,64.8,24.6,28,78,9,2,20,2,1.30,39,45,-6,-0.24,-0.69,34.6,36.6,-2.0,-0.08,+0.01,Matches
Jorge Moreno,es ESP,DF,Osasuna,22,2001,1,15,15,0.4,0.2,0,,0,1,15,1,1.00,0,1,-1,-6.00,-5.74,0.0,0.8,-0.8,-5.28,-5.05,Matches
Jorge Moreno,es ESP,DF,Rayo Vallecano,22,2001,0,,,,,0,,0,0,,1,,,,,,,,,,,,Matches
Marco Moreno,es ESP,DF,Atlético Madrid,22,2001,0,,,,,0,,0,0,,6,,,,,,,,,,,,Matches
Ilaix Moriba,gn GUI,"MF,FW",Getafe,20,2003,14,605,43,17.7,6.7,8,63,0,6,17,0,0.93,8,13,-5,-0.74,-0.52,8.9,9.8,-0.9,-0.13,+0.10,Matches
Manu Morlanes,es ESP,MF,Mallorca,24,1999,35,"1,615",46,47.2,17.9,16,74,4,19,23,2,1.11,15,23,-8,-0.45,-0.30,19.0,21.7,-2.7,-0.15,-0.16,Matches
Morro,es ESP,GK,Rayo Vallecano,22,2000,0,,,,,0,,0,0,,1,,,,,,,,,,,,Matches
Cristhian Mosquera,es ESP,DF,Valencia,19,2004,36,"3,075",85,89.9,34.2,33,90,32,3,35,1,1.19,37,41,-4,-0.12,+0.14,39.1,44.3,-5.2,-0.15,-0.33,Matches
Yerson Mosquera,co COL,DF,Villarreal,22,2001,16,"1,229",77,35.9,13.7,14,87,13,2,7,1,2.00,31,17,+14,+1.03,+1.60,21.6,18.8,+2.9,+0.21,+0.46,Matches
Abdul Mumin,gh GHA,DF,Rayo Vallecano,25,1998,20,"1,694",85,49.5,18.8,19,89,17,1,3,15,1.00,11,21,-10,-0.53,-0.06,18.5,22.1,-3.5,-0.19,-0.25,Matches
Iker Muniain,es ESP,"MF,FW",Athletic Club,30,1992,20,594,30,17.4,6.6,5,61,0,15,19,15,1.80,12,14,-2,-0.30,-1.13,10.7,8.7,+2.0,+0.31,+0.01,Matches
,,,,,,,,,,,,,,,,,,,,,,,,,,,,
Aihen Muñoz,es ESP,DF,Real Sociedad,25,1997,21,"1,127",54,33.0,12.5,11,85,10,10,19,0,1.67,22,14,+8,+0.64,+0.48,18.9,15.5,+3.4,+0.27,+0.26,Matches
Egoitz Muñoz,es ESP,DF,Alavés,18,2005,0,,,,,0,,0,0,,5,,,,,,,,,,,,Matches
Iker Muñoz,es ESP,MF,Osasuna,20,2002,28,"1,854",66,54.2,20.6,20,83,13,8,24,10,1.32,28,26,+2,+0.10,+0.84,23.2,23.9,-0.7,-0.03,+0.46,Matches
Javier Muñoz,es ESP,MF,Las Palmas,28,1995,37,"2,640",71,77.2,29.3,30,83,16,7,21,0,1.05,26,36,-10,-0.34,+0.12,22.9,47.8,-24.9,-0.85,-1.01,Matches
Pablo Muñoz,es ESP,MF,Rayo Vallecano,19,2003,0,,,,,0,,0,0,,1,,,,,,,,,,,,Matches
Vedat Muriqi,xk KVX,FW,Mallorca,29,1994,29,"2,327",80,68.0,25.9,25,88,19,4,31,0,1.00,23,32,-9,-0.35,-0.18,28.1,31.3,-3.2,-0.12,-0.18,Matches
Nacho,es ESP,DF,Real Madrid,33,1990,29,"1,746",60,51.1,19.4,18,83,13,11,23,5,2.41,41,8,+33,+1.70,+0.20,34.7,18.4,+16.2,+0.84,-0.08,Matches
Matija Nastasić,rs SRB,DF,Mallorca,30,1993,26,"2,258",87,66.0,25.1,25,90,25,1,8,7,1.00,21,28,-7,-0.28,+0.03,24.9,31.3,-6.4,-0.26,-0.56,Matches
Roberto Navarro,es ESP,MF,Real Sociedad,21,2002,0,,,,,0,,0,0,,3,,,,,,,,,,,,Matches
Roberto Navarro,es ESP,"MF,FW",Cádiz,21,2002,28,"1,888",67,55.2,21.0,24,73,1,4,33,4,0.79,11,32,-21,-1.00,-0.53,19.4,24.1,-4.7,-0.23,+0.45,Matches
Jesús Navas,es ESP,DF,Sevilla,37,1985,29,"2,003",69,58.6,22.3,25,78,9,4,16,1,1.14,30,32,-2,-0.09,+0.16,26.9,35.8,-8.9,-0.40,-0.27,Matches
Álvaro Negredo,es ESP,"FW,MF",Cádiz,37,1985,7,54,8,1.6,0.6,0,,0,7,8,15,0.43,0,2,-2,-3.33,-2.61,0.7,2.6,-1.9,-3.20,-2.81,Matches
Carlos Neva,es ESP,DF,Granada,27,1996,36,"3,146",87,92.0,35.0,36,87,27,0,,2,0.56,34,66,-32,-0.92,+2.04,38.9,56.1,-17.2,-0.49,+0.96,Matches
Mikayil Ngor Faye,sn SEN,MF,Barcelona,19,2004,0,,,,,0,,0,0,,3,,,,,,,,,,,,Matches
Tanguy Nianzou,fr FRA,DF,Sevilla,21,2002,8,318,40,9.3,3.5,3,84,2,5,13,15,0.88,4,10,-6,-1.70,-1.70,5.0,7.5,-2.5,-0.71,-0.47,Matches
Saúl Ñíguez,es ESP,MF,Atlético Madrid,28,1994,34,"1,374",40,40.2,15.3,14,68,5,20,21,3,2.06,31,16,+15,+0.98,+0.45,25.6,18.2,+7.3,+0.48,-0.21,Matches
Adrian Niño,es ESP,FW,Atlético Madrid,19,2004,0,,,,,0,,0,0,,2,,,,,,,,,,,,Matches
Aristide Njalla,cm CMR,MF,Cádiz,20,2003,0,,,,,0,,0,0,,1,,,,,,,,,,,,Matches
Peru Nolaskoain,es ESP,"DF,MF",Athletic Club,24,1998,2,10,5,0.3,0.1,0,,0,2,5,12,2.00,0,0,0,0.00,-0.63,0.0,0.1,-0.1,-0.98,-1.28,Matches
Randy Nteka,ao ANG,"FW,MF",Rayo Vallecano,25,1997,16,572,36,16.7,6.4,3,74,0,13,27,12,0.94,3,11,-8,-1.26,-0.91,8.0,9.3,-1.4,-0.21,-0.18,Matches
Unai Núñez,es ESP,DF,Celta Vigo,26,1997,34,"2,801",82,81.9,31.1,31,88,27,3,22,4,0.97,36,49,-13,-0.42,-0.71,40.5,48.8,-8.3,-0.27,-0.91,Matches
Ørjan Nyland,no NOR,GK,Sevilla,32,1990,24,"2,160",90,63.2,24.0,24,90,24,0,,4,1.38,33,27,+6,+0.25,+1.11,31.1,36.2,-5.0,-0.21,+0.22,Matches
Jan Oblak,si SVN,GK,Atlético Madrid,30,1993,38,"3,420",90,100.0,38.0,38,90,38,0,,0,2.00,70,43,+27,+0.71,,62.4,39.5,+23.0,+0.60,,Matches
Brian Ocampo,uy URU,"MF,FW",Cádiz,24,1999,13,248,19,7.3,2.8,1,69,0,12,15,9,0.69,2,6,-4,-1.45,-0.74,2.3,6.3,-3.9,-1.43,-1.08,Matches
Lucas Ocampos,ar ARG,"FW,MF",Sevilla,29,1994,35,"2,871",82,83.9,31.9,34,83,18,1,45,1,0.97,37,42,-5,-0.16,+0.01,36.8,45.0,-8.2,-0.26,+0.21,Matches
,,,,,,,,,,,,,,,,,,,,,,,,,,,,
Álvaro Odriozola,es ESP,DF,Real Sociedad,27,1995,9,393,44,11.5,4.4,6,49,0,3,34,14,1.33,3,2,+1,+0.23,-0.10,2.7,3.9,-1.2,-0.27,-0.42,Matches
Álvaro Odriozola,es ESP,DF,Real Madrid,27,1995,0,,,,,0,,0,0,,2,,,,,,,,,,,,Matches
Aingeru Olabarrieta,es ESP,FW,Athletic Club,17,2005,1,9,9,0.3,0.1,0,,0,1,9,3,3.00,0,0,0,0.00,-0.63,0.1,0.2,-0.1,-1.33,-1.64,Matches
Olasagasti,es ESP,MF,Real Sociedad,22,2000,14,360,26,10.5,4.0,2,74,0,12,18,23,1.21,6,8,-2,-0.50,-0.91,7.4,5.2,+2.2,+0.56,+0.52,Matches
Samu Omorodion,es ESP,FW,Alavés,19,2004,34,"1,918",56,56.1,21.3,21,78,3,13,21,1,1.15,15,28,-13,-0.61,-0.79,23.1,27.0,-3.9,-0.18,-0.51,Matches
Samu Omorodion,es ESP,FW,Granada,19,2004,1,80,80,2.3,0.9,1,80,0,0,,0,0.00,1,2,-1,-1.13,-0.05,0.8,1.9,-1.1,-1.26,-0.71,Matches
Aimar Oroz,es ESP,MF,Osasuna,21,2001,33,"2,339",71,68.4,26.0,26,81,8,7,33,0,1.36,29,34,-5,-0.19,+0.31,25.2,32.6,-7.4,-0.28,-0.12,Matches
Eneko Ortiz,es ESP,DF,Alavés,20,2003,1,14,14,0.4,0.2,0,,0,1,14,8,1.00,0,0,0,0.00,+0.26,0.2,0.1,+0.1,+0.35,+0.31,Matches
Asier Osambela,es ESP,MF,Osasuna,19,2004,1,9,9,0.3,0.1,0,,0,1,9,2,0.00,0,1,-1,-10.00,-9.74,0.0,0.1,-0.1,-0.51,-0.26,Matches
Milutin Osmajić,me MNE,MF,Cádiz,24,1999,1,5,5,0.1,0.1,0,,0,1,5,2,0.00,0,1,-1,-18.00,-17.26,0.2,0.5,-0.3,-5.37,-4.95,Matches
David Otorbi,es ESP,FW,Valencia,15,2007,0,,,,,0,,0,0,,5,,,,,,,,,,,,Matches
Aiham Ousou,sy SYR,DF,Cádiz,23,2000,6,430,72,12.6,4.8,5,81,4,1,25,5,1.17,3,8,-5,-1.05,-0.32,5.3,6.2,-0.8,-0.18,+0.29,Matches
Jesús Owono,gq EQG,GK,Alavés,22,2001,4,360,90,10.5,4.0,4,90,4,0,,31,1.25,4,8,-4,-1.00,-0.82,6.6,5.6,+1.1,+0.27,+0.25,Matches
Mikel Oyarzabal,es ESP,"FW,MF",Real Sociedad,26,1997,33,"2,156",65,63.0,24.0,23,82,9,10,26,1,1.64,29,20,+9,+0.38,+0.16,25.5,23.9,+1.6,+0.07,-0.07,Matches
Cenk Özkacar,tr TUR,DF,Valencia,22,2000,23,"1,598",69,46.7,17.8,18,85,15,5,14,13,1.09,11,21,-10,-0.56,-0.81,16.6,22.4,-5.8,-0.33,-0.39,Matches
Jon Pacheco,es ESP,DF,Real Sociedad,22,2001,23,"1,526",66,44.6,17.0,16,87,14,7,20,13,1.70,19,16,+3,+0.18,-0.25,17.6,19.1,-1.4,-0.09,-0.33,Matches
Gonçalo Paciência,pt POR,FW,Celta Vigo,28,1994,0,,,,,0,,0,0,,1,,,,,,,,,,,,Matches
Alex Padilla,es ESP,GK,Athletic Club,19,2003,0,,,,,0,,0,0,,2,,,,,,,,,,,,Matches
Isaac Palazón Camacho,es ESP,"MF,FW",Rayo Vallecano,28,1994,37,"2,791",75,81.6,31.0,34,79,12,3,31,0,1.03,27,32,-5,-0.16,+1.84,34.7,33.6,+1.0,+0.03,+0.51,Matches
Joaquín Panichelli,ar ARG,"FW,MF",Alavés,20,2002,8,226,28,6.6,2.5,2,73,0,6,13,8,1.00,3,4,-1,-0.40,-0.14,4.0,3.4,+0.6,+0.25,+0.23,Matches
Sokratis Papastathopoulos,gr GRE,DF,Betis,35,1988,15,"1,136",76,33.2,12.6,12,88,11,3,27,9,1.33,16,18,-2,-0.16,-0.36,14.2,19.0,-4.7,-0.38,-0.31,Matches
Victor Parada,es ESP,"FW,MF",Alavés,21,2002,2,3,2,0.1,0.0,0,,0,2,2,8,3.00,0,0,0,0.00,+0.26,0.0,0.1,-0.1,-3.60,-3.64,Matches
Aitor Paredes,es ESP,DF,Athletic Club,23,2000,34,"2,704",80,79.1,30.0,31,84,24,3,35,2,1.76,47,27,+20,+0.67,+0.16,41.5,29.8,+11.7,+0.39,+0.42,Matches
Daniel Parejo,es ESP,MF,Villarreal,34,1989,33,"2,580",78,75.4,28.7,29,85,19,4,28,1,1.42,47,54,-7,-0.24,-0.99,41.2,46.0,-4.8,-0.17,-0.34,Matches
Pascu,es ESP,FW,Villarreal,20,2003,1,14,14,0.4,0.2,0,,0,1,14,2,0.00,2,0,+2,+12.86,+12.91,0.2,0.2,0.0,+0.22,+0.31,Matches
,,,,,,,,,,,,,,,,,,,,,,,,,,,,
Martín Pascual,es ESP,DF,Rayo Vallecano,23,1999,0,,,,,0,,0,0,,25,,,,,,,,,,,,Matches
Gabriel Paulista,br BRA,DF,Atlético Madrid,32,1990,5,405,81,11.8,4.5,5,81,4,0,,9,0.80,4,7,-3,-0.67,-1.56,7.9,3.6,+4.2,+0.94,+0.38,Matches
Gabriel Paulista,br BRA,DF,Valencia,32,1990,18,"1,398",78,40.9,15.5,16,85,12,2,19,0,1.50,17,19,-2,-0.13,0.00,17.9,16.3,+1.6,+0.10,+0.38,Matches
Nicolás Paz,ar ARG,"MF,FW",Real Madrid,18,2004,4,23,6,0.7,0.3,0,,0,4,6,8,2.50,1,1,0,0.00,-1.62,0.4,0.8,-0.4,-1.44,-2.33,Matches
Alfonso Pedraza,es ESP,DF,Villarreal,27,1996,19,"1,116",59,32.6,12.4,14,68,6,5,33,0,1.00,17,27,-10,-0.81,-1.20,19.0,20.2,-1.2,-0.10,-0.02,Matches
Pedri,es ESP,"MF,FW",Barcelona,20,2002,24,"1,476",62,43.2,16.4,16,78,3,8,29,0,2.08,32,20,+12,+0.73,-0.33,34.0,18.2,+15.8,+0.96,+0.03,Matches
Adrià Pedrosa,es ESP,DF,Sevilla,25,1998,31,"1,753",57,51.3,19.5,15,87,9,16,28,4,1.03,25,31,-6,-0.31,-0.31,22.9,27.9,-5.0,-0.26,+0.07,Matches
Pejiño,es ESP,FW,Las Palmas,27,1996,17,504,30,14.7,5.6,6,60,0,11,13,15,0.76,4,5,-1,-0.18,+0.22,6.6,8.4,-1.8,-0.32,+0.35,Matches
Facundo Pellistri,uy URU,"MF,FW",Granada,21,2001,15,"1,232",82,36.0,13.7,14,85,6,1,45,0,0.60,13,30,-17,-1.24,-0.25,14.6,20.7,-6.1,-0.45,+0.18,Matches
Iñaki Peña,es ESP,GK,Barcelona,24,1999,10,900,90,26.3,10.0,10,90,10,0,,25,2.00,21,17,+4,+0.40,-0.71,24.6,11.9,+12.7,+1.27,+0.44,Matches
Marcos Peña,es ESP,MF,Almería,18,2005,7,441,63,12.9,4.9,4,82,3,3,38,5,0.86,4,7,-3,-0.61,+0.26,4.8,5.0,-0.3,-0.06,+0.32,Matches
Rubén Peña,es ESP,"DF,FW",Osasuna,32,1991,29,"2,088",72,61.1,23.2,26,78,7,3,18,2,1.34,26,33,-7,-0.30,-0.03,24.2,27.8,-3.6,-0.16,+0.23,Matches
Alberto Perea,es ESP,"MF,FW",Granada,32,1990,2,2,1,0.1,0.0,0,,0,2,1,12,1.50,0,0,0,0.00,+1.08,0.3,0.9,-0.6,-25.41,-24.86,Matches
Ayoze Pérez,es ESP,FW,Betis,30,1993,31,"2,294",74,67.1,25.5,29,78,12,2,22,1,1.45,28,28,0,0.00,-0.24,29.8,29.8,0.0,0.00,+0.51,Matches
Carles Pérez,es ESP,"MF,DF",Celta Vigo,25,1998,16,772,48,22.6,8.6,7,69,0,9,32,13,1.38,13,12,+1,+0.12,+0.52,15.4,11.1,+4.3,+0.51,+0.78,Matches
Francisco Perez,es ESP,"MF,FW",Valencia,20,2002,32,"2,049",64,59.9,22.8,27,70,2,5,30,0,1.47,24,16,+8,+0.35,+1.20,23.9,22.1,+1.8,+0.08,+0.49,Matches
Kike Pérez,es ESP,"MF,FW",Rayo Vallecano,26,1997,24,835,35,24.4,9.3,9,59,0,15,20,8,0.92,6,14,-8,-0.86,-0.48,11.2,11.8,-0.7,-0.07,-0.01,Matches
Máximo Perrone,ar ARG,MF,Las Palmas,20,2003,29,"1,623",56,47.5,18.0,20,72,5,9,21,4,1.21,17,27,-10,-0.55,-0.35,14.7,31.3,-16.7,-0.92,-0.58,Matches
Njegoš Petrović,rs SRB,"MF,FW",Granada,24,1999,10,157,16,4.6,1.7,0,,0,10,16,10,0.60,0,3,-3,-1.72,-0.67,2.1,5.4,-3.3,-1.88,-1.38,Matches
Germán Pezzella,ar ARG,DF,Betis,32,1991,32,"2,767",86,80.9,30.7,32,86,28,0,,1,1.63,41,31,+10,+0.33,+1.29,36.8,38.8,-2.0,-0.07,+0.53,Matches
Kamil Piątkowski,pl POL,DF,Granada,23,2000,9,505,56,14.8,5.6,6,74,4,3,21,8,0.56,3,15,-12,-2.14,-1.24,6.6,11.5,-4.9,-0.87,-0.35,Matches
Diego Piñeiro,es ESP,GK,Real Madrid,19,2004,0,,,,,0,,0,0,,14,,,,,,,,,,,,Matches
Yeremi Pino,es ESP,"MF,FW",Villarreal,20,2002,7,475,68,13.9,5.3,7,68,1,0,,1,0.71,6,8,-2,-0.38,-0.44,5.9,8.4,-2.5,-0.47,-0.44,Matches
Xavi Pleguezuelo,es ESP,DF,Betis,20,2003,0,,,,,0,,0,0,,7,,,,,,,,,,,,Matches
Portu,es ESP,FW,Getafe,31,1992,3,97,32,2.8,1.1,0,,0,3,32,0,1.33,1,1,0,0.00,+0.33,1.8,1.8,0.0,-0.01,+0.21,Matches
,,,,,,,,,,,,,,,,,,,,,,,,,,,,
Portu,es ESP,"MF,FW",Girona,31,1992,33,"1,188",36,34.7,13.2,11,68,1,22,20,2,2.12,35,15,+20,+1.52,+0.75,25.5,16.5,+9.0,+0.68,+0.38,Matches
José Pozo,es ESP,MF,Rayo Vallecano,27,1996,2,19,10,0.6,0.2,0,,0,2,10,29,1.00,0,0,0,0.00,+0.50,0.0,0.1,-0.1,-0.56,-0.50,Matches
Alejandro Pozo Pozo,es ESP,"DF,MF",Almería,24,1999,21,976,46,28.5,10.8,9,82,4,12,20,15,0.43,8,24,-16,-1.48,-0.89,11.0,21.8,-10.8,-1.00,-0.92,Matches
Beñat Prados,es ESP,"MF,DF",Athletic Club,22,2001,26,"1,449",56,42.4,16.1,16,79,5,10,19,12,1.65,26,15,+11,+0.68,+0.09,21.5,19.2,+2.3,+0.14,-0.28,Matches
Abdón Prats,es ESP,"FW,MF",Mallorca,30,1992,34,"1,270",37,37.1,14.1,11,68,3,23,23,4,1.03,16,15,+1,+0.07,+0.57,16.6,15.5,+1.1,+0.08,+0.23,Matches
Pau Prim,es ESP,MF,Barcelona,17,2006,0,,,,,0,,0,0,,1,,,,,,,,,,,,Matches
Marc Pubill,es ESP,DF,Almería,20,2003,23,"1,883",82,55.1,20.9,22,84,15,1,25,1,0.70,26,36,-10,-0.48,+0.81,27.2,28.7,-1.5,-0.07,+0.59,Matches
Antonio Puertas,es ESP,"MF,FW",Granada,31,1992,27,730,27,21.3,8.1,6,74,1,21,14,5,0.39,14,23,-9,-1.11,-0.04,11.6,14.8,-3.2,-0.39,+0.23,Matches
Arnau Puigmal,es ESP,"FW,DF",Almería,22,2001,11,255,23,7.5,2.8,3,58,0,8,10,8,0.27,4,4,0,0.00,+0.91,4.3,6.4,-2.1,-0.76,-0.46,Matches
Edgar Pujol,es ESP,DF,Real Madrid,18,2004,0,,,,,0,,0,0,,1,,,,,,,,,,,,Matches
Alex Quevedo,es ESP,GK,Mallorca,19,2004,0,,,,,0,,0,0,,1,,,,,,,,,,,,Matches
Rubén Quintanilla,es ESP,MF,Mallorca,21,2002,0,,,,,0,,0,0,,8,,,,,,,,,,,,Matches
Nemanja Radonjić,rs SRB,"MF,DF",Mallorca,27,1996,11,353,32,10.3,3.9,4,58,0,7,18,4,1.18,4,1,+3,+0.76,+1.18,4.6,3.1,+1.6,+0.40,+0.52,Matches
Aleksandar Radovanović,rs SRB,DF,Almería,29,1993,9,569,63,16.6,6.3,8,70,4,1,9,3,1.22,10,10,0,0.00,+1.01,7.4,9.3,-1.9,-0.29,+0.05,Matches
Rafa,es ESP,GK,Sevilla,19,2003,0,,,,,0,,0,0,,4,,,,,,,,,,,,Matches
Abdellah Raihani,ma MAR,FW,Atlético Madrid,19,2004,1,10,10,0.3,0.1,0,,0,1,10,0,0.00,0,1,-1,-9.00,-9.74,0.1,0.0,+0.1,+0.61,+0.01,Matches
Antonio Raillo,es ESP,DF,Mallorca,31,1991,26,"2,195",84,64.2,24.4,25,86,22,1,45,3,1.15,21,25,-4,-0.16,+0.35,23.7,23.5,+0.2,+0.01,+0.20,Matches
Predrag Rajković,rs SRB,GK,Mallorca,27,1995,36,"3,240",90,94.7,36.0,36,90,36,0,,2,1.00,31,43,-12,-0.33,-0.83,38.2,40.5,-2.3,-0.06,+0.01,Matches
Ivan Rakitić,hr CRO,MF,Sevilla,35,1988,18,"1,425",79,41.7,15.8,16,83,13,2,52,2,0.56,14,23,-9,-0.57,-0.70,16.7,22.3,-5.6,-0.35,-0.11,Matches
Largie Ramazani,be BEL,"FW,MF",Almería,22,2001,29,"1,555",54,45.5,17.3,16,75,4,13,28,2,0.41,21,34,-13,-0.75,+0.16,24.8,25.9,-1.1,-0.06,+0.50,Matches
Benito Ramírez,es ESP,"FW,MF",Las Palmas,28,1995,20,384,19,11.2,4.3,2,60,0,18,15,10,1.00,3,7,-4,-0.94,-0.64,3.9,5.9,-1.9,-0.45,+0.19,Matches
Sandro Ramírez,es ESP,FW,Las Palmas,28,1995,27,"1,808",67,52.9,20.1,21,79,4,6,26,3,0.74,15,25,-10,-0.50,-0.27,15.5,30.0,-14.5,-0.72,-0.22,Matches
Jacobo Ramón,es ESP,DF,Real Madrid,18,2005,0,,,,,0,,0,0,,3,,,,,,,,,,,,Matches
Chris Ramos,es ESP,"FW,MF",Cádiz,26,1997,37,"2,612",71,76.4,29.0,30,80,10,7,32,0,0.89,22,36,-14,-0.48,+1.19,28.7,38.0,-9.2,-0.32,+0.47,Matches
Sergio Ramos,es ESP,DF,Sevilla,37,1986,28,"2,517",90,73.6,28.0,28,90,27,0,,3,1.07,31,39,-8,-0.29,-0.49,33.2,40.0,-6.8,-0.24,+0.18,Matches
,,,,,,,,,,,,,,,,,,,,,,,,,,,,
Abraham Rando,es ESP,DF,Villarreal,22,2001,0,,,,,0,,0,0,,1,,,,,,,,,,,,Matches
Raphinha,br BRA,"FW,MF",Barcelona,26,1996,28,"1,368",49,40.0,15.2,17,68,4,11,19,2,2.14,30,14,+16,+1.05,+0.22,31.0,15.1,+15.9,+1.05,+0.17,Matches
Andrei Ratiu,ro ROU,"DF,MF",Rayo Vallecano,25,1998,12,630,53,18.4,7.0,6,82,3,6,24,22,0.58,3,12,-9,-1.29,-0.96,5.9,11.0,-5.2,-0.74,-0.83,Matches
Raúl,es ESP,FW,Osasuna,22,2000,35,"1,355",39,39.6,15.1,13,75,2,22,17,2,1.09,18,24,-6,-0.40,-0.18,17.5,22.1,-4.6,-0.31,-0.10,Matches
Abderrahman Rebbach,dz ALG,"FW,MF",Alavés,24,1998,23,722,31,21.1,8.0,6,64,0,17,20,15,0.70,5,6,-1,-0.12,+0.18,7.5,6.8,+0.7,+0.09,+0.06,Matches
Pepe Reina,es ESP,GK,Villarreal,40,1982,2,180,90,5.3,2.0,2,90,2,0,,29,1.80,11,5,+6,+3.00,+3.17,3.6,1.4,+2.2,+1.11,+1.26,Matches
Álex Remiro,es ESP,GK,Real Sociedad,28,1995,37,"3,275",89,95.8,36.4,37,89,36,0,,0,1.62,49,36,+13,+0.36,+0.98,42.9,38.7,+4.2,+0.12,+0.46,Matches
Chadi Riad,ma MAR,DF,Betis,20,2003,26,"2,164",83,63.3,24.0,24,87,22,2,36,7,1.46,32,30,+2,+0.08,+0.01,28.1,31.4,-3.3,-0.14,+0.08,Matches
Diego Rico,es ESP,DF,Getafe,30,1993,32,"2,535",79,74.1,28.2,28,86,20,4,32,0,1.13,37,42,-5,-0.18,+0.53,33.0,41.4,-8.5,-0.30,-0.34,Matches
Diego Rico,es ESP,DF,Real Sociedad,30,1993,0,,,,,0,,0,0,,3,,,,,,,,,,,,Matches
Hugo Rincón,es ESP,DF,Athletic Club,20,2003,0,,,,,0,,0,0,,11,,,,,,,,,,,,Matches
Luis Rioja,es ESP,"FW,MF",Alavés,29,1993,37,"2,498",68,73.0,27.8,31,78,5,6,11,1,1.22,25,36,-11,-0.40,-0.49,31.7,32.4,-0.7,-0.02,-0.24,Matches
Rodrigo Riquelme,es ESP,"DF,MF",Atlético Madrid,23,2000,34,"1,528",45,44.7,17.0,17,64,4,17,26,4,1.97,27,26,+1,+0.06,-1.18,26.1,19.6,+6.4,+0.38,-0.41,Matches
Alberto Risco,es ESP,MF,Getafe,17,2005,4,137,34,4.0,1.5,1,70,0,3,22,4,0.75,1,0,+1,+0.66,+1.01,1.3,0.6,+0.7,+0.44,+0.68,Matches
Mihailo Ristić,rs SRB,"DF,MF",Celta Vigo,27,1995,12,808,67,23.6,9.0,9,81,6,3,27,7,1.00,13,14,-1,-0.11,+0.23,12.7,11.9,+0.8,+0.09,+0.25,Matches
Gorka Rivera Alonso,es ESP,DF,Getafe,18,2004,1,3,3,0.1,0.0,0,,0,1,3,3,0.00,0,0,0,0.00,+0.32,0.0,0.2,-0.2,-7.41,-7.20,Matches
Sergi Roberto,es ESP,"MF,DF",Barcelona,31,1992,14,860,61,25.1,9.6,10,75,3,4,27,14,2.64,26,10,+16,+1.67,+1.01,21.1,9.3,+11.8,+1.23,+0.38,Matches
Lucas Robertone,ar ARG,MF,Almería,26,1997,33,"2,381",72,69.6,26.5,29,79,12,4,21,0,0.52,32,47,-15,-0.57,+0.91,35.1,36.1,-1.0,-0.04,+0.98,Matches
Marc Roca,es ESP,MF,Betis,26,1996,26,"1,980",76,57.9,22.0,24,82,14,2,12,6,1.31,24,25,-1,-0.05,-0.30,25.2,30.0,-4.8,-0.22,-0.12,Matches
Sergio Rodelas,es ESP,"FW,DF",Granada,18,2004,3,122,41,3.6,1.4,2,52,0,1,18,0,0.00,1,4,-3,-2.21,-1.18,1.8,3.0,-1.2,-0.90,-0.34,Matches
Rodri,es ESP,"FW,MF",Betis,23,2000,29,"1,051",36,30.7,11.7,9,70,2,20,21,8,1.45,10,13,-3,-0.26,-0.48,13.7,18.8,-5.1,-0.44,-0.39,Matches
Adrian Rodriguez,es ESP,GK,Alavés,22,2000,0,,,,,0,,0,0,,16,,,,,,,,,,,,Matches
Álvaro Rodríguez,uy URU,FW,Real Madrid,19,2004,1,1,1,0.0,0.0,0,,0,1,1,0,3.00,0,0,0,0.00,-1.61,0.0,0.0,0.0,0.00,-0.88,Matches
Óscar Rodríguez Arnaiz,es ESP,"MF,FW",Getafe,25,1998,24,967,40,28.3,10.7,9,69,1,15,23,9,1.13,13,11,+2,+0.19,+0.70,15.0,11.1,+3.9,+0.36,+0.81,Matches
Damián Rodríguez,es ESP,MF,Celta Vigo,20,2003,5,258,52,7.5,2.9,3,74,1,2,18,4,1.80,6,4,+2,+0.70,+1.07,5.3,2.6,+2.7,+0.95,+1.14,Matches
,,,,,,,,,,,,,,,,,,,,,,,,,,,,
Dani Rodríguez,es ESP,MF,Mallorca,35,1988,36,"2,615",73,76.5,29.1,31,80,8,5,27,1,1.06,29,34,-5,-0.17,+0.50,29.1,31.8,-2.7,-0.09,-0.11,Matches
Guido Rodríguez,ar ARG,MF,Betis,29,1994,24,"1,846",77,54.0,20.5,22,81,15,2,35,0,1.58,30,23,+7,+0.34,+0.57,23.5,24.3,-0.8,-0.04,+0.28,Matches
Javi Rodríguez,es ESP,DF,Celta Vigo,20,2003,0,,,,,0,,0,0,,6,,,,,,,,,,,,Matches
Kirian Rodríguez,es ESP,MF,Las Palmas,27,1996,37,"3,211",87,93.9,35.7,36,88,29,1,45,0,1.08,33,44,-11,-0.31,+0.98,31.3,50.1,-18.8,-0.53,+1.50,Matches
Miguel Rodríguez,es ESP,MF,Celta Vigo,20,2003,15,300,20,8.8,3.3,2,74,1,13,12,20,0.47,3,6,-3,-0.90,-0.67,3.8,5.1,-1.4,-0.41,-0.34,Matches
Rodrygo,br BRA,FW,Real Madrid,22,2001,34,"2,380",70,69.6,26.4,28,81,10,6,21,3,2.44,53,20,+33,+1.25,-1.18,45.6,24.0,+21.6,+0.82,-0.20,Matches
Carlos Romero,es ESP,DF,Villarreal,21,2001,7,262,37,7.7,2.9,2,53,0,5,31,7,1.86,3,8,-5,-1.72,-1.86,3.9,6.0,-2.2,-0.74,-0.71,Matches
Isaac Romero,es ESP,FW,Sevilla,23,2000,14,"1,039",74,30.4,11.5,14,74,3,0,,0,1.57,15,13,+2,+0.17,+0.48,13.4,16.2,-2.8,-0.24,+0.07,Matches
Luka Romero,ar ARG,FW,Almería,18,2004,13,438,34,12.8,4.9,5,57,0,8,19,4,0.54,7,7,0,0.00,+0.97,4.8,8.8,-4.0,-0.82,-0.55,Matches
Oriol Romeu,es ESP,MF,Barcelona,31,1991,28,936,33,27.4,10.4,11,65,1,17,13,9,2.32,12,11,+1,+0.10,-1.14,16.3,12.1,+4.2,+0.40,-0.75,Matches
Unai Ropero,es ESP,MF,Alavés,21,2001,1,5,5,0.1,0.1,0,,0,1,5,1,0.00,0,0,0,0.00,+0.26,0.6,0.0,+0.6,+9.45,+9.43,Matches
Vitor Roque,br BRA,FW,Barcelona,18,2005,14,328,23,9.6,3.6,2,59,0,12,18,5,2.79,9,4,+5,+1.37,+0.50,8.0,3.9,+4.1,+1.12,+0.20,Matches
Antonio Rüdiger,de GER,DF,Real Madrid,30,1993,33,"2,709",82,79.2,30.1,30,88,28,3,25,1,2.55,65,23,+42,+1.40,-1.01,54.3,28.0,+26.3,+0.87,-0.03,Matches
Javier Rueda Garcia,es ESP,"MF,DF",Celta Vigo,21,2002,1,20,20,0.6,0.2,0,,0,1,20,0,1.00,0,0,0,0.00,+0.29,0.0,0.1,-0.1,-0.37,-0.27,Matches
Aitor Ruibal,es ESP,"DF,FW",Betis,27,1996,18,"1,017",57,29.7,11.3,11,76,6,7,26,13,1.33,14,16,-2,-0.18,-0.36,13.2,19.4,-6.1,-0.54,-0.53,Matches
Sergio Ruiz,es ESP,MF,Granada,28,1994,35,"2,494",71,72.9,27.7,30,80,14,5,20,1,0.58,28,57,-29,-1.05,+0.12,29.4,41.4,-12.0,-0.43,+0.50,Matches
Ruly,es ESP,GK,Celta Vigo,23,2000,0,,,,,0,,0,0,,4,,,,,,,,,,,,Matches
Iñaki Rupérez,es ESP,DF,Real Sociedad,20,2003,0,,,,,0,,0,0,,8,,,,,,,,,,,,Matches
Youssouf Sabaly,sn SEN,DF,Betis,30,1993,12,"1,046",87,30.6,11.6,12,87,10,0,,5,1.50,18,17,+1,+0.09,+0.01,11.7,14.5,-2.9,-0.25,-0.12,Matches
Umar Sadiq,ng NGA,FW,Real Sociedad,26,1997,26,"1,077",41,31.5,12.0,12,69,2,14,18,10,1.58,16,15,+1,+0.08,-0.34,15.1,14.2,+0.9,+0.07,-0.03,Matches
Pablo Saenz,es ESP,MF,Granada,22,2001,1,19,19,0.6,0.2,0,,0,1,19,1,0.00,0,3,-3,-14.21,-13.20,0.0,2.2,-2.2,-10.59,-10.07,Matches
Kike Salas,es ESP,DF,Sevilla,21,2002,23,"1,605",70,46.9,17.8,19,81,13,4,17,6,0.96,24,28,-4,-0.22,-0.13,19.4,26.3,-7.0,-0.39,-0.19,Matches
Salvi,es ESP,MF,Rayo Vallecano,32,1991,1,28,28,0.8,0.3,0,,0,1,28,0,3.00,0,0,0,0.00,+0.50,0.1,0.2,-0.1,-0.30,-0.24,Matches
Diadie Samassékou,ml MLI,MF,Cádiz,27,1996,4,92,23,2.7,1.0,0,,0,4,23,10,0.75,0,4,-4,-3.91,-3.24,0.5,2.6,-2.1,-2.03,-1.64,Matches
Fede San Emeterio,es ESP,MF,Cádiz,26,1997,4,152,38,4.4,1.7,3,50,0,1,1,5,1.00,1,2,-1,-0.59,+0.18,1.7,2.9,-1.3,-0.75,-0.34,Matches
,,,,,,,,,,,,,,,,,,,,,,,,,,,,
Oihan Sancet,es ESP,MF,Athletic Club,23,2000,30,"1,975",66,57.7,21.9,25,73,3,5,31,1,1.73,36,17,+19,+0.87,+0.55,32.1,21.7,+10.4,+0.47,+0.41,Matches
Ricard Sánchez,es ESP,DF,Granada,23,2000,33,"2,295",70,67.1,25.5,25,86,14,8,19,4,0.42,28,55,-27,-1.06,+0.06,30.5,42.1,-11.5,-0.45,+0.36,Matches
Ander Sánchez,es ESP,MF,Alavés,19,2004,0,,,,,0,,0,0,,3,,,,,,,,,,,,Matches
Antonio Sánchez,es ESP,MF,Mallorca,26,1997,29,"1,452",50,42.5,16.1,21,63,0,8,15,9,1.21,16,18,-2,-0.12,+0.29,14.1,16.6,-2.5,-0.15,-0.15,Matches
Juanlu Sánchez,es ESP,DF,Sevilla,19,2003,26,"1,181",45,34.5,13.1,11,84,7,15,17,11,1.12,13,20,-7,-0.53,-0.57,14.9,17.3,-2.4,-0.18,+0.16,Matches
Manu Sánchez,es ESP,"DF,MF",Celta Vigo,22,2000,26,"1,775",68,51.9,19.7,20,82,13,6,24,11,0.92,18,28,-10,-0.51,-0.45,22.1,29.1,-7.1,-0.36,-0.54,Matches
Lassina Sangare,ci CIV,MF,Granada,21,2001,0,,,,,0,,0,0,,2,,,,,,,,,,,,Matches
Jesús Santiago,es ESP,MF,Getafe,19,2004,14,656,47,19.2,7.3,8,69,0,6,18,5,0.86,5,8,-3,-0.41,-0.12,5.4,13.0,-7.6,-1.04,-1.02,Matches
Paco Sanz,es ESP,DF,Almería,18,2004,1,24,24,0.7,0.3,0,,0,1,24,7,3.00,2,0,+2,+7.50,+8.40,0.7,0.2,+0.4,+1.67,+2.02,Matches
Stefan Savić,me MNE,DF,Atlético Madrid,32,1991,23,"1,630",71,47.7,18.1,19,82,15,4,16,9,2.00,35,21,+14,+0.77,+0.12,31.1,17.6,+13.4,+0.74,+0.26,Matches
Sávio,br BRA,"FW,MF",Girona,19,2004,37,"2,976",80,87.0,33.1,35,83,15,2,33,0,2.11,74,39,+35,+1.06,+0.25,62.5,46.4,+16.2,+0.49,+0.43,Matches
Aleksandar Sedlar,rs SRB,DF,Alavés,31,1991,11,946,86,27.7,10.5,11,86,8,0,,1,1.09,10,14,-4,-0.38,-0.16,14.8,12.0,+2.9,+0.27,+0.32,Matches
André Silva,pt POR,FW,Real Sociedad,27,1995,19,729,38,21.3,8.1,9,65,0,10,15,9,1.42,8,8,0,0.00,-0.40,9.2,8.3,+0.8,+0.10,+0.01,Matches
Rui Silva,pt POR,GK,Betis,29,1994,28,"2,475",88,72.4,27.5,28,88,27,0,,6,1.39,35,36,-1,-0.04,-0.42,29.9,40.5,-10.6,-0.38,-0.79,Matches
Giuliano Simeone,ar ARG,FW,Alavés,20,2002,14,630,45,18.4,7.0,6,84,1,8,16,6,1.50,9,5,+4,+0.57,+1.02,10.9,6.0,+4.9,+0.70,+0.81,Matches
Unai Simón,es ESP,GK,Athletic Club,26,1997,36,"3,182",88,93.0,35.4,36,88,34,0,,1,1.81,58,33,+25,+0.71,+1.09,50.1,38.4,+11.6,+0.33,+0.41,Matches
Daley Sinkgraven,nl NED,DF,Las Palmas,28,1995,10,374,37,10.9,4.2,6,57,1,4,9,18,,2,7,-5,-1.20,-0.94,3.7,7.8,-4.1,-0.99,-0.41,Matches
Xavi Sintes,es ESP,MF,Sevilla,21,2001,0,,,,,0,,0,0,,3,,,,,,,,,,,,Matches
Jailson Siqueira,br BRA,"DF,MF",Celta Vigo,27,1995,14,897,64,26.2,10.0,9,86,8,5,25,5,1.29,17,15,+2,+0.20,+0.66,14.9,15.4,-0.5,-0.05,+0.07,Matches
Antonio Sivera,es ESP,GK,Alavés,26,1996,34,"3,060",90,89.5,34.0,34,90,34,0,,4,1.21,32,38,-6,-0.18,+0.82,39.5,39.1,+0.4,+0.01,-0.25,Matches
Rubén Sobrino,es ESP,"MF,FW",Cádiz,31,1992,32,"1,646",51,48.1,18.3,18,72,2,14,25,3,1.00,8,24,-16,-0.87,-0.22,16.8,24.3,-7.5,-0.41,+0.04,Matches
Alex Sola,es ESP,"FW,MF",Alavés,24,1999,29,"1,262",44,36.9,14.0,14,71,3,15,18,6,1.24,9,20,-11,-0.78,-0.83,17.8,18.7,-1.0,-0.07,-0.17,Matches
Alex Sola,es ESP,"DF,MF",Real Sociedad,24,1999,2,30,15,0.9,0.3,0,,0,2,15,1,1.00,0,1,-1,-3.00,-3.35,0.7,0.6,+0.1,+0.20,+0.11,Matches
Jhon Solis,co COL,MF,Girona,18,2004,18,384,21,11.2,4.3,2,67,0,16,16,11,1.67,9,7,+2,+0.47,-0.63,9.5,9.4,+0.1,+0.03,-0.46,Matches
David Soria,es ESP,GK,Getafe,30,1993,38,"3,413",90,99.8,37.9,38,90,37,0,,0,1.13,42,52,-10,-0.26,+25.45,45.7,52.5,-6.9,-0.18,+15.73,Matches
,,,,,,,,,,,,,,,,,,,,,,,,,,,,
Alberto Soro,es ESP,MF,Granada,24,1999,1,8,8,0.2,0.1,0,,0,1,8,1,3.00,0,1,-1,-11.25,-10.19,0.1,0.6,-0.5,-5.81,-5.26,Matches
Hugo Sotelo,es ESP,MF,Celta Vigo,19,2003,17,721,42,21.1,8.0,8,70,1,9,18,20,0.88,7,16,-9,-1.12,-1.06,11.5,10.1,+1.4,+0.18,+0.35,Matches
Boubakary Soumaré,fr FRA,MF,Sevilla,24,1999,28,"2,286",82,66.8,25.4,26,87,22,2,16,3,1.36,31,32,-1,-0.04,+0.36,28.9,37.2,-8.3,-0.33,-0.11,Matches
Djibril Sow,ch SUI,MF,Sevilla,26,1997,24,"1,460",61,42.7,16.2,18,74,4,6,20,3,1.00,18,21,-3,-0.18,-0.05,20.1,24.0,-3.9,-0.24,+0.09,Matches
Ibrahima Sow,sn SEN,FW,Sevilla,16,2007,0,,,,,0,,0,0,,3,,,,,,,,,,,,Matches
Çağlar Söyüncü,tr TUR,DF,Atlético Madrid,27,1996,6,114,19,3.3,1.3,1,45,0,5,14,8,2.50,5,1,+4,+3.16,+2.53,1.9,2.7,-0.8,-0.62,-1.26,Matches
Dimitrios Stamatakis,gr GRE,GK,Osasuna,20,2003,0,,,,,0,,0,0,,9,,,,,,,,,,,,Matches
Carl Starfelt,se SWE,DF,Celta Vigo,28,1995,27,"2,216",82,64.8,24.6,26,84,20,1,23,7,1.00,27,38,-11,-0.45,-0.45,31.3,35.0,-3.7,-0.15,-0.15,Matches
Jørgen Strand Larsen,no NOR,FW,Celta Vigo,23,2000,37,"2,863",77,83.7,31.8,36,79,10,1,27,0,1.11,36,35,+1,+0.03,+1.97,40.6,37.5,+3.1,+0.10,+1.22,Matches
Cristhian Stuani,uy URU,FW,Girona,36,1986,31,804,26,23.5,8.9,5,65,0,26,18,1,2.10,24,10,+14,+1.57,+0.71,19.6,14.9,+4.7,+0.53,+0.12,Matches
Álex Suárez,es ESP,DF,Las Palmas,30,1993,32,"2,562",80,74.9,28.5,30,85,21,2,12,5,1.00,25,35,-10,-0.35,+0.07,23.4,37.9,-14.5,-0.51,+0.43,Matches
Damián Suárez,uy URU,DF,Getafe,35,1988,16,"1,299",81,38.0,14.4,15,84,9,1,45,1,1.12,20,24,-4,-0.28,+0.06,15.8,21.7,-5.9,-0.41,-0.32,Matches
Denis Suárez,es ESP,"MF,FW",Villarreal,29,1994,4,133,33,3.9,1.5,1,90,1,3,14,1,0.75,1,5,-4,-2.71,-2.82,0.9,4.4,-3.5,-2.33,-2.34,Matches
Suso,es ESP,"MF,FW",Sevilla,29,1993,29,"1,517",52,44.4,16.9,15,77,6,14,26,1,1.03,30,35,-5,-0.30,-0.25,21.4,26.4,-5.0,-0.30,-0.01,Matches
Max Svensson,es ESP,FW,Osasuna,,,1,3,3,0.1,0.0,0,,0,1,3,4,1.00,0,0,0,0.00,+0.29,0.0,0.0,0.0,0.00,+0.25,Matches
Martin Šviderský,sk SVK,MF,Almería,20,2002,0,,,,,0,,0,0,,4,,,,,,,,,,,,Matches
Williot Swedberg,se SWE,"FW,MF",Celta Vigo,19,2004,15,439,29,12.8,4.9,4,67,0,11,15,16,1.27,11,12,-1,-0.21,+0.10,10.3,8.8,+1.5,+0.31,+0.47,Matches
Mamadou Sylla,sn SEN,"FW,MF",Alavés,29,1994,2,18,9,0.5,0.2,0,,0,2,9,0,1.50,0,1,-1,-5.00,-4.76,0.1,0.1,0.0,+0.08,+0.04,Matches
Alexander Sørloth,no NOR,FW,Villarreal,27,1995,34,"2,489",73,72.8,27.7,30,79,23,4,27,1,1.41,56,46,+10,+0.36,+1.33,43.1,41.3,+1.8,+0.06,+0.54,Matches
Yassin Tallal,es ESP,FW,Getafe,18,2005,1,3,3,0.1,0.0,0,,0,1,3,2,1.00,0,0,0,0.00,+0.32,0.0,0.0,0.0,0.00,+0.21,Matches
Renato Tapia,pe PER,"MF,DF",Celta Vigo,28,1995,21,"1,337",64,39.1,14.9,15,81,10,6,19,9,1.10,14,15,-1,-0.07,+0.36,15.5,18.3,-2.8,-0.19,-0.15,Matches
César Tárrega,es ESP,DF,Valencia,21,2002,1,8,8,0.2,0.1,0,,0,1,8,10,3.00,0,0,0,0.00,+0.13,0.2,0.0,+0.1,+1.57,+1.69,Matches
Marciano Tchami,gw GNB,"FW,MF",Almería,19,2004,6,43,7,1.3,0.5,0,,0,6,7,6,0.00,0,3,-3,-6.28,-5.51,0.2,1.4,-1.2,-2.50,-2.19,Matches
Aurélien Tchouaméni,fr FRA,"MF,DF",Real Madrid,23,2000,27,"1,987",74,58.1,22.1,22,86,18,5,20,1,2.67,48,13,+35,+1.59,-0.05,40.0,18.8,+21.2,+0.96,+0.20,Matches
Martín Tejón,es ESP,MF,Valencia,19,2004,0,,,,,0,,0,0,,2,,,,,,,,,,,,Matches
,,,,,,,,,,,,,,,,,,,,,,,,,,,,
Nahuel Tenaglia,ar ARG,DF,Alavés,27,1996,25,"1,141",46,33.4,12.7,11,85,9,14,14,9,1.48,15,19,-4,-0.32,-0.08,16.1,16.8,-0.7,-0.05,-0.14,Matches
Marc-André ter Stegen,de GER,GK,Barcelona,31,1992,28,"2,520",90,73.7,28.0,28,90,28,0,,0,2.32,58,27,+31,+1.11,+0.71,53.0,29.8,+23.2,+0.83,-0.44,Matches
Ramón Terrats,es ESP,"MF,DF",Villarreal,22,2000,19,785,41,23.0,8.7,6,78,1,13,24,7,1.16,13,18,-5,-0.57,-0.74,11.7,16.0,-4.3,-0.49,-0.53,Matches
Kieran Tierney,sct SCO,DF,Real Sociedad,26,1997,20,"1,238",62,36.2,13.8,14,75,2,6,32,4,1.75,17,12,+5,+0.36,+0.07,14.1,17.1,-3.0,-0.22,-0.49,Matches
Vinicius Tobias,br BRA,DF,Real Madrid,19,2004,0,,,,,0,,0,0,,2,,,,,,,,,,,,Matches
Raúl de Tomás,es ESP,FW,Rayo Vallecano,28,1994,25,"1,272",51,37.2,14.1,15,69,1,10,23,11,0.96,13,14,-1,-0.07,+0.68,13.7,15.0,-1.3,-0.09,-0.05,Matches
Pablo Torre,es ESP,"MF,FW",Girona,20,2003,26,701,27,20.5,7.8,4,66,0,22,20,10,2.08,14,10,+4,+0.51,-0.64,13.2,13.1,+0.1,+0.01,-0.53,Matches
Raúl Torrente,es ESP,DF,Granada,21,2001,17,"1,250",74,36.5,13.9,14,85,10,3,21,13,0.35,11,28,-17,-1.22,-0.23,15.4,22.9,-7.5,-0.54,+0.04,Matches
Ferrán Torres,es ESP,FW,Barcelona,23,2000,29,"1,211",42,35.4,13.5,12,68,4,17,23,2,2.21,33,18,+15,+1.11,+0.30,29.6,14.0,+15.6,+1.16,+0.33,Matches
Óliver Torres,es ESP,MF,Sevilla,28,1994,27,"1,616",60,47.3,18.0,18,76,3,9,27,3,1.22,20,17,+3,+0.17,+0.62,20.5,22.8,-2.3,-0.13,+0.31,Matches
Lucas Torró,es ESP,MF,Osasuna,29,1994,28,"1,788",64,52.3,19.9,21,79,10,7,18,9,1.11,22,30,-8,-0.40,-0.24,20.5,29.3,-8.8,-0.44,-0.41,Matches
Bertrand Traoré,bf BFA,MF,Villarreal,27,1995,11,568,52,16.6,6.3,6,77,1,5,22,2,2.00,17,5,+12,+1.90,+2.28,11.3,5.7,+5.6,+0.88,+1.16,Matches
Hamari Traoré,ml MLI,DF,Real Sociedad,31,1992,31,"2,292",74,67.0,25.5,27,82,18,4,22,1,1.68,43,27,+16,+0.63,+0.95,34.1,29.0,+5.1,+0.20,+0.32,Matches
Óscar Trejo,ar ARG,"FW,MF",Rayo Vallecano,35,1988,31,"1,380",45,40.4,15.3,19,60,1,12,20,2,1.10,13,18,-5,-0.33,+0.29,18.5,19.5,-1.0,-0.07,-0.01,Matches
Manu Trigueros,es ESP,MF,Villarreal,31,1991,14,309,22,9.0,3.4,2,82,1,12,12,24,1.36,3,5,-2,-0.58,-0.64,5.0,3.8,+1.1,+0.33,+0.45,Matches
Pol Tristán,es ESP,GK,Granada,21,2002,0,,,,,0,,0,0,,1,,,,,,,,,,,,Matches
Viktor Tsyhankov,ua UKR,"MF,FW",Girona,25,1997,30,"2,052",68,60.0,22.8,26,76,4,4,22,0,2.17,48,26,+22,+0.96,-0.15,38.0,32.2,+5.8,+0.25,-0.45,Matches
Beñat Turrientes,es ESP,MF,Real Sociedad,21,2002,29,"1,687",58,49.3,18.7,19,78,6,10,21,8,1.86,23,19,+4,+0.21,-0.20,19.7,20.4,-0.7,-0.04,-0.26,Matches
Enes Ünal,tr TUR,"FW,MF",Getafe,26,1997,3,140,47,4.1,1.6,1,90,1,2,25,1,1.00,2,3,-1,-0.64,-0.34,1.6,2.1,-0.5,-0.33,-0.12,Matches
Myrto Uzuni,al ALB,FW,Granada,28,1995,34,"2,448",72,71.6,27.2,28,81,11,6,32,1,0.62,30,53,-23,-0.85,+0.82,29.8,41.2,-11.4,-0.42,+0.53,Matches
Pablo Valencia,es ESP,GK,Osasuna,22,2001,0,,,,,0,,0,0,,19,,,,,,,,,,,,Matches
Óscar Valentín,es ESP,MF,Rayo Vallecano,28,1994,34,"2,692",79,78.7,29.9,32,83,20,2,21,2,1.09,22,29,-7,-0.23,+1.25,34.5,33.7,+0.8,+0.03,+0.41,Matches
Martin Valjent,sk SVK,DF,Mallorca,27,1995,28,"2,349",84,68.7,26.1,28,84,22,0,,1,0.96,24,34,-10,-0.38,-0.30,27.5,28.9,-1.4,-0.05,+0.04,Matches
Jesús Vallejo,es ESP,DF,Granada,26,1997,3,108,36,3.2,1.2,1,90,1,2,9,1,1.33,1,4,-3,-2.50,-1.47,1.6,3.2,-1.6,-1.31,-0.77,Matches
Manu Vallejo,es ESP,"FW,MF",Girona,26,1997,0,,,,,0,,0,0,,2,,,,,,,,,,,,Matches
,,,,,,,,,,,,,,,,,,,,,,,,,,,,
Álvaro Vallés,es ESP,GK,Las Palmas,26,1997,37,"3,263",88,95.4,36.3,37,88,36,0,,0,1.08,33,44,-11,-0.30,+1.42,32.9,52.9,-20.0,-0.55,+1.43,Matches
Federico Valverde,uy URU,MF,Real Madrid,25,1998,37,"2,904",78,84.9,32.3,33,86,22,4,19,1,2.49,76,22,+54,+1.67,+0.45,60.1,30.3,+29.8,+0.92,+0.30,Matches
Siebe Van Der Heyden,be BEL,DF,Mallorca,25,1998,6,286,48,8.4,3.2,4,67,1,2,9,25,0.86,3,5,-2,-0.63,-0.37,2.5,4.9,-2.3,-0.74,-0.73,Matches
José Luis García Vayá,es ESP,MF,Valencia,24,1998,37,"3,302",89,96.5,36.7,37,89,34,0,,0,1.32,39,43,-4,-0.11,+0.65,41.5,45.8,-4.3,-0.12,+0.02,Matches
Borja Vázquez,es ESP,FW,Cádiz,18,2005,1,4,4,0.1,0.0,0,,0,1,4,0,0.00,0,0,0,0.00,+0.76,0.1,0.1,0.0,+0.35,+0.78,Matches
Jesus Vazquez,es ESP,"DF,MF",Valencia,20,2003,20,716,36,20.9,8.0,6,81,3,14,17,7,1.50,11,10,+1,+0.13,+0.33,8.8,11.2,-2.4,-0.30,-0.23,Matches
Kevin Vázquez,es ESP,DF,Celta Vigo,30,1993,12,700,58,20.5,7.8,10,69,3,2,5,24,0.67,9,13,-4,-0.51,-0.28,9.8,12.9,-3.1,-0.40,-0.38,Matches
Lucas Vázquez,es ESP,DF,Real Madrid,32,1991,29,"1,419",49,41.5,15.8,14,86,10,15,15,9,2.55,37,15,+22,+1.40,-0.36,29.3,15.0,+14.2,+0.90,+0.04,Matches
Gabriel Veiga,es ESP,FW,Celta Vigo,21,2002,1,18,18,0.5,0.2,0,,0,1,18,1,0.00,0,1,-1,-5.00,-4.74,0.1,0.3,-0.2,-0.76,-0.66,Matches
Alejo Véliz,ar ARG,FW,Sevilla,19,2003,6,35,6,1.0,0.4,0,,0,6,6,6,1.17,0,2,-2,-5.14,-5.04,0.4,0.6,-0.2,-0.62,-0.33,Matches
Arthur Vermeeren,be BEL,MF,Atlético Madrid,18,2005,5,162,32,4.7,1.8,2,51,0,3,20,13,1.80,3,2,+1,+0.56,-0.16,2.8,1.3,+1.5,+0.83,+0.23,Matches
Mikel Vesga,es ESP,MF,Athletic Club,30,1993,27,"1,534",57,44.9,17.0,18,75,8,9,20,6,1.78,26,18,+8,+0.47,-0.29,25.0,21.5,+3.6,+0.21,-0.16,Matches
Carlos Vicente,es ESP,FW,Alavés,24,1999,18,"1,114",62,32.6,12.4,12,79,2,6,28,1,1.67,17,13,+4,+0.32,+0.87,17.1,13.5,+3.6,+0.29,+0.37,Matches
Pau Victor Delgado,es ESP,FW,Barcelona,21,2001,0,,,,,0,,0,0,,3,,,,,,,,,,,,Matches
Nacho Vidal,es ESP,"DF,FW",Osasuna,28,1995,7,96,14,2.8,1.1,0,,0,7,14,13,2.00,2,2,0,0.00,+0.30,2.3,2.3,+0.1,+0.06,+0.31,Matches
Nacho Vidal,es ESP,DF,Mallorca,28,1995,8,416,52,12.2,4.6,5,68,1,3,26,9,1.88,3,4,-1,-0.22,+0.08,4.9,5.1,-0.2,-0.05,+0.01,Matches
Fran Vieites,es ESP,GK,Betis,24,1999,4,315,79,9.2,3.5,3,90,3,1,45,28,1.25,2,4,-2,-0.57,-0.72,4.2,3.3,+0.9,+0.24,+0.45,Matches
Jonathan Viera,es ESP,"MF,FW",Las Palmas,33,1989,9,617,69,18.0,6.9,7,82,3,2,22,0,1.22,3,7,-4,-0.58,-0.26,6.4,8.6,-2.2,-0.32,+0.37,Matches
Jonathan Viera,es ESP,MF,Almería,33,1989,12,912,76,26.7,10.1,12,76,2,0,,2,0.83,16,18,-2,-0.20,+0.88,14.4,12.8,+1.6,+0.16,+0.68,Matches
Toni Villa,es ESP,FW,Girona,28,1995,2,13,7,0.4,0.1,0,,0,2,7,6,1.50,0,0,0,0.00,-1.03,0.2,0.6,-0.4,-2.96,-3.41,Matches
Asier Villalibre,es ESP,FW,Athletic Club,25,1997,18,513,29,15.0,5.7,4,55,0,14,21,20,1.72,9,7,+2,+0.35,-0.33,7.6,6.7,+1.0,+0.17,-0.15,Matches
Gonzalo Villar,es ESP,MF,Granada,25,1998,35,"1,803",52,52.7,20.0,21,69,4,14,26,0,0.49,21,41,-20,-1.00,+0.17,24.0,34.5,-10.4,-0.53,+0.09,Matches
Iván Villar,es ESP,GK,Celta Vigo,26,1997,12,"1,014",85,29.6,11.3,12,85,11,0,,22,1.00,15,19,-4,-0.36,-0.09,15.4,15.6,-0.2,-0.02,+0.12,Matches
Ricardo Visus,es ESP,DF,Betis,22,2001,3,166,55,4.9,1.8,1,90,1,2,38,9,1.67,0,0,0,0.00,-0.08,1.2,2.7,-1.6,-0.84,-0.71,Matches
Daniel Vivian,es ESP,DF,Athletic Club,24,1999,33,"2,878",87,84.2,32.0,31,89,29,2,56,2,1.82,54,34,+20,+0.63,-0.04,48.5,33.3,+15.2,+0.48,+1.11,Matches
,,,,,,,,,,,,,,,,,,,,,,,,,,,,
Victor Wehbi,br BRA,GK,Cádiz,20,2002,0,,,,,0,,0,0,,5,,,,,,,,,,,,Matches
Shon Weissman,il ISR,FW,Granada,27,1996,5,82,16,2.4,0.9,0,,0,5,16,6,0.40,1,0,+1,+1.10,+2.23,2.2,1.2,+1.0,+1.07,+1.67,Matches
Iñaki Williams,gh GHA,FW,Athletic Club,29,1994,34,"2,844",84,83.2,31.6,32,87,19,2,37,0,1.74,52,31,+21,+0.66,+0.20,45.7,32.7,+13.0,+0.41,+0.65,Matches
Nico Williams,es ESP,FW,Athletic Club,21,2002,31,"2,263",73,66.2,25.1,29,76,7,2,23,0,1.90,44,23,+21,+0.84,+0.60,38.6,25.9,+12.8,+0.51,+0.61,Matches
Axel Witsel,be BEL,DF,Atlético Madrid,34,1989,35,"2,783",80,81.4,30.9,30,87,27,5,32,1,2.09,52,31,+21,+0.68,-0.17,47.6,34.0,+13.6,+0.44,-0.89,Matches
Xeber,es ESP,"FW,MF",Alavés,26,1997,10,302,30,8.8,3.4,3,72,0,7,12,28,1.00,6,7,-1,-0.30,-0.04,6.4,5.8,+0.6,+0.19,+0.16,Matches
Antal Yaakobishvili,hu HUN,DF,Girona,19,2004,1,61,61,1.8,0.7,0,,0,1,61,6,3.00,2,0,+2,+2.95,+1.96,1.5,0.4,+1.1,+1.55,+1.14,Matches
Áron Yaakobishvili,hu HUN,GK,Barcelona,17,2006,0,,,,,0,,0,0,,1,,,,,,,,,,,,Matches
Lamine Yamal,es ESP,FW,Barcelona,16,2007,37,"2,201",59,64.4,24.5,22,83,12,15,25,1,2.22,57,33,+24,+0.98,+0.17,52.3,30.5,+21.8,+0.89,-0.15,Matches
Roman Yaremchuk,ua UKR,FW,Valencia,27,1995,25,928,37,27.1,10.3,11,60,0,14,20,4,1.16,12,12,0,0.00,+0.18,13.7,15.1,-1.4,-0.14,-0.03,Matches
Arsen Zakharyan,ru RUS,"MF,FW",Real Sociedad,20,2003,29,"1,228",42,35.9,13.6,15,64,0,14,19,2,1.52,15,17,-2,-0.15,-0.72,18.0,14.3,+3.8,+0.28,+0.28,Matches
Joseba Zaldúa,es ESP,DF,Cádiz,31,1992,13,704,54,20.6,7.8,9,72,0,4,14,22,0.85,5,13,-8,-1.02,-0.33,8.1,10.8,-2.7,-0.35,+0.10,Matches
Bryan Zaragoza,es ESP,"MF,FW",Granada,22,2001,21,"1,638",78,47.9,18.2,18,87,13,3,27,0,0.52,19,37,-18,-0.99,+0.17,22.0,32.2,-10.2,-0.56,+0.02,Matches
Theo Zidane,fr FRA,MF,Real Madrid,21,2002,0,,,,,0,,0,0,,1,,,,,,,,,,,,Matches
Igor Zubeldia,es ESP,DF,Real Sociedad,26,1997,30,"2,518",84,73.6,28.0,29,86,23,1,30,1,1.57,38,28,+10,+0.36,+0.16,34.9,28.0,+6.9,+0.25,+0.57,Matches
Martín Zubimendi,es ESP,MF,Real Sociedad,24,1999,31,"2,654",86,77.6,29.5,29,89,27,2,39,0,1.52,41,32,+9,+0.31,-0.05,37.8,31.7,+6.1,+0.21,+0.50,Matches
